stemmer,word,idf
paiceHusk,raspberry,6.212858
paiceHusk,pi,5.622275
paiceHusk,uss,6.808892
paiceHusk,carl,4.828356
paiceHusk,vinson,8.425620
paiceHusk,reviews,2.031682
paiceHusk,of,0.250613
paiceHusk,les,4.700058
paiceHusk,miserables,5.906081
paiceHusk,rules,2.620173
paiceHusk,golf,3.648311
paiceHusk,average,2.888571
paiceHusk,charitable,5.462340
paiceHusk,donation,3.228114
paiceHusk,wind,3.529450
paiceHusk,power,1.508002
paiceHusk,bph,8.448408
paiceHusk,treatment,2.982202
paiceHusk,doctor,3.442769
paiceHusk,zhivago,9.885030
paiceHusk,land,3.005985
paiceHusk,surveyor,3.600702
paiceHusk,gps,4.799868
paiceHusk,what,1.194190
paiceHusk,is,0.533081
paiceHusk,madagascar,5.092012
paiceHusk,known,2.920564
paiceHusk,for,0.343452
paiceHusk,home,0.610877
paiceHusk,theater,3.612832
paiceHusk,systems,1.995443
paiceHusk,carpal,5.380168
paiceHusk,tunnel,5.383954
paiceHusk,syndrome,5.246896
paiceHusk,capital,3.570517
paiceHusk,gains,3.586628
paiceHusk,tax,3.339425
paiceHusk,rate,2.698595
paiceHusk,maryland,3.890666
paiceHusk,department,2.781306
paiceHusk,natural,2.393232
paiceHusk,resources,1.735145
paiceHusk,nicolas,6.211631
paiceHusk,cage,5.324245
paiceHusk,movies,2.665876
paiceHusk,kids,2.920050
paiceHusk,earth,3.418604
paiceHusk,day,1.575992
paiceHusk,activities,1.310085
paiceHusk,solar,4.345269
paiceHusk,water,2.630315
paiceHusk,fountains,5.276012
paiceHusk,was,1.397887
paiceHusk,the,0.227034
paiceHusk,name,1.495630
paiceHusk,elvis,5.643184
paiceHusk,presley,7.030682
paiceHusk,s,0.448648
paiceHusk,nba,5.060608
paiceHusk,records,2.614783
paiceHusk,electoral,2.844787
paiceHusk,college,2.841854
paiceHusk,results,2.184502
paiceHusk,2008,1.988047
paiceHusk,male,3.747602
paiceHusk,menopause,6.373451
paiceHusk,usda,4.400732
paiceHusk,food,2.346038
paiceHusk,pyramid,5.770560
paiceHusk,making,2.452387
paiceHusk,chicken,4.095330
paiceHusk,soup,4.827035
paiceHusk,from,0.695757
paiceHusk,scratch,4.809980
paiceHusk,black,2.502567
paiceHusk,and,0.266988
paiceHusk,gold,2.868111
paiceHusk,traverse,6.167340
paiceHusk,city,2.051055
paiceHusk,i,0.867824
paiceHusk,will,1.084364
paiceHusk,survive,3.787103
paiceHusk,lyrics,4.542947
paiceHusk,hawaiian,5.909900
paiceHusk,volcano,6.122425
paiceHusk,observatories,3.760874
paiceHusk,beef,5.162865
paiceHusk,stroganoff,9.255256
paiceHusk,recipe,3.671745
paiceHusk,world,1.534578
paiceHusk,biggest,4.074841
paiceHusk,dog,3.447052
paiceHusk,are,0.672605
paiceHusk,seven,3.634791
paiceHusk,deadly,3.321778
paiceHusk,sins,5.822433
paiceHusk,hurricane,5.109918
paiceHusk,irene,3.120118
paiceHusk,flooding,4.717335
paiceHusk,in,0.255158
paiceHusk,manville,9.139839
paiceHusk,nj,4.528919
paiceHusk,hair,3.384533
paiceHusk,dye,6.090481
paiceHusk,dark,3.134725
paiceHusk,chocolate,4.154604
paiceHusk,health,2.103062
paiceHusk,benefits,2.736458
paiceHusk,ham,5.700892
paiceHusk,radio,3.187735
paiceHusk,symptoms,4.700254
paiceHusk,mad,3.348980
paiceHusk,cow,5.470818
paiceHusk,disease,3.777393
paiceHusk,humans,2.674332
paiceHusk,lump,5.629407
paiceHusk,throat,5.283402
paiceHusk,george,2.915884
paiceHusk,bush,4.475671
paiceHusk,sr,4.819765
paiceHusk,bio,4.368300
paiceHusk,frank,4.143060
paiceHusk,lloyd,5.553217
paiceHusk,wright,5.103660
paiceHusk,biography,4.392224
paiceHusk,presidential,3.181800
paiceHusk,middle,3.232675
paiceHusk,names,1.495630
paiceHusk,a,0.251930
paiceHusk,wiki,4.295275
paiceHusk,cannellini,10.024336
paiceHusk,beans,4.773966
paiceHusk,afghanistan,4.469486
paiceHusk,flag,3.958856
paiceHusk,old,2.110833
paiceHusk,town,3.112785
paiceHusk,scottsdale,6.198549
paiceHusk,roosevelt,6.197187
paiceHusk,island,2.921123
paiceHusk,civil,3.461752
paiceHusk,war,3.298744
paiceHusk,battles,3.739326
paiceHusk,south,2.494615
paiceHusk,carolina,3.493381
paiceHusk,rain,3.796537
paiceHusk,man,2.665574
paiceHusk,eggs,3.964555
paiceHusk,shelf,5.192302
paiceHusk,life,1.811043
paiceHusk,occupational,4.410973
paiceHusk,therapist,5.544623
paiceHusk,ford,4.475881
paiceHusk,edge,3.547551
paiceHusk,problems,2.482177
paiceHusk,identifying,3.579312
paiceHusk,spider,4.896298
paiceHusk,bites,4.245865
paiceHusk,history,2.087658
paiceHusk,orcas,8.573414
paiceHusk,tooth,5.734457
paiceHusk,abscess,8.096953
paiceHusk,barrett,6.187217
paiceHusk,esophagus,7.814708
paiceHusk,teddy,5.825105
paiceHusk,bears,3.550952
paiceHusk,patron,5.159919
paiceHusk,saint,3.841510
paiceHusk,mental,2.629585
paiceHusk,illness,3.306729
paiceHusk,holes,4.246558
paiceHusk,by,0.390545
paiceHusk,louis,3.985332
paiceHusk,sachar,6.097416
paiceHusk,hip,4.158331
paiceHusk,roof,4.519296
paiceHusk,carpenter,5.380168
paiceHusk,bee,5.101567
paiceHusk,american,1.361158
paiceHusk,revolutionary,3.986693
paiceHusk,folk,3.771070
paiceHusk,remedies,4.841124
paiceHusk,sore,5.476555
paiceHusk,balding,6.052577
paiceHusk,cure,4.785943
paiceHusk,evidence,3.375060
paiceHusk,evolution,3.760221
paiceHusk,tribe,4.875036
paiceHusk,formerly,1.722659
paiceHusk,living,2.686278
paiceHusk,alabama,3.985120
paiceHusk,f5,Q:tornado
paiceHusk,heart,2.251084
paiceHusk,attack,3.530327
paiceHusk,feliz,7.385591
paiceHusk,navidad,8.594322
paiceHusk,running,3.114034
paiceHusk,marshall,4.527904
paiceHusk,county,3.147457
paiceHusk,schools,2.115388
paiceHusk,sun,2.787683
paiceHusk,tzu,7.373639
paiceHusk,halloween,4.507986
paiceHusk,school,2.115388
paiceHusk,dreams,3.031330
paiceHusk,interpretation,4.373741
paiceHusk,wilson,4.588930
paiceHusk,instruction,3.241676
paiceHusk,cole,5.198964
paiceHusk,how,1.377910
paiceHusk,has,1.305001
paiceHusk,african,3.935068
paiceHusk,music,2.100960
paiceHusk,influence,3.892878
paiceHusk,bewitched,7.970403
paiceHusk,cast,3.861879
paiceHusk,mister,5.050440
paiceHusk,rogers,4.510238
paiceHusk,game,2.103288
paiceHusk,theory,4.056296
paiceHusk,view,1.088433
paiceHusk,my,1.132170
paiceHusk,internet,2.332998
paiceHusk,ketogenic,9.931333
paiceHusk,diet,3.964795
paiceHusk,nasa,5.546448
paiceHusk,interplanetary,9.025048
paiceHusk,missions,3.178786
paiceHusk,hayrides,9.170814
paiceHusk,pa,3.936034
paiceHusk,where,1.809087
paiceHusk,to,0.253763
paiceHusk,find,1.103991
paiceHusk,morel,7.839818
paiceHusk,mushrooms,5.513938
paiceHusk,magnesium,6.596742
paiceHusk,rich,3.612379
paiceHusk,foods,2.346038
paiceHusk,common,2.786797
paiceHusk,schizophrenia,7.006344
paiceHusk,drugs,3.410273
paiceHusk,carotid,8.797249
paiceHusk,cavernous,7.073042
paiceHusk,fistula,8.889247
paiceHusk,fidel,6.279253
paiceHusk,castro,6.454889
paiceHusk,yoga,4.924379
paiceHusk,norway,4.397493
paiceHusk,spruce,6.620360
paiceHusk,sangre,7.724596
paiceHusk,de,2.686828
paiceHusk,cristo,7.967884
paiceHusk,mountains,3.496315
paiceHusk,electronic,3.112607
paiceHusk,medical,2.791023
paiceHusk,record,2.614783
paiceHusk,educational,2.048446
paiceHusk,advantages,1.580817
paiceHusk,social,2.384715
paiceHusk,networking,2.342025
paiceHusk,sites,0.976967
paiceHusk,flowering,2.944099
paiceHusk,plants,3.298148
paiceHusk,tie,4.847971
paiceHusk,windsor,3.529450
paiceHusk,knot,5.580133
paiceHusk,recycling,4.503036
paiceHusk,lead,2.026477
paiceHusk,acid,4.627949
paiceHusk,batteries,3.890426
paiceHusk,altitude,6.272664
paiceHusk,sickness,4.249315
paiceHusk,care,1.564424
paiceHusk,jehovah,7.755667
paiceHusk,witnesses,4.211485
paiceHusk,pink,3.835947
paiceHusk,slime,5.011689
paiceHusk,ground,3.331754
paiceHusk,mean,2.379764
krovetz,raspberry,6.213448
krovetz,pi,5.616280
krovetz,uss,6.985721
krovetz,carl,5.118229
krovetz,vinson,8.426592
krovetz,reviews,2.031717
krovetz,of,0.250701
krovetz,les,3.698284
krovetz,miserables,6.023796
krovetz,rules,2.547701
krovetz,golf,3.649634
krovetz,average,3.582533
krovetz,charitable,5.479461
krovetz,donation,3.232363
krovetz,wind,3.678552
krovetz,power,1.555087
krovetz,bph,8.439768
krovetz,treatment,2.990766
krovetz,doctor,3.549766
krovetz,zhivago,9.886171
krovetz,land,3.018334
krovetz,surveyor,6.597636
krovetz,gps,4.799868
krovetz,what,1.194585
krovetz,is,0.534960
krovetz,madagascar,5.092630
krovetz,known,2.920670
krovetz,for,0.343439
krovetz,home,0.609966
krovetz,theater,4.233867
krovetz,systems,2.011881
krovetz,carpal,7.819998
krovetz,tunnel,5.390902
krovetz,syndrome,5.255935
krovetz,capital,3.648354
krovetz,gains,3.597669
krovetz,tax,3.143410
krovetz,rate,2.142804
krovetz,maryland,3.891189
krovetz,department,2.932319
krovetz,natural,2.970800
krovetz,resources,1.737869
krovetz,nicolas,5.957486
krovetz,cage,4.994249
krovetz,movies,2.666130
krovetz,kids,2.700553
krovetz,earth,3.426458
krovetz,day,1.062912
krovetz,activities,2.608890
krovetz,solar,4.544770
krovetz,water,2.632164
krovetz,fountains,5.282788
krovetz,was,1.397563
krovetz,the,0.226549
krovetz,name,1.450468
krovetz,elvis,6.157863
krovetz,presley,7.030791
krovetz,s,0.448648
krovetz,nba,5.060208
krovetz,records,2.687453
krovetz,electoral,6.477742
krovetz,college,2.846247
krovetz,results,2.188817
krovetz,2008,1.988047
krovetz,male,3.742570
krovetz,menopause,6.373507
krovetz,usda,6.271905
krovetz,food,2.346265
krovetz,pyramid,5.802043
krovetz,making,1.254716
krovetz,chicken,4.409979
krovetz,soup,4.829157
krovetz,from,0.696080
krovetz,scratch,4.810936
krovetz,black,2.507212
krovetz,and,0.267391
krovetz,gold,3.228102
krovetz,traverse,6.233937
krovetz,city,2.051191
krovetz,i,0.867824
krovetz,will,1.089197
krovetz,survive,4.398978
krovetz,lyrics,4.574363
krovetz,hawaiian,3.815757
krovetz,volcano,6.124316
krovetz,observatories,6.427036
krovetz,beef,5.176744
krovetz,stroganoff,9.255256
krovetz,recipe,3.675016
krovetz,world,1.534851
krovetz,biggest,4.074908
krovetz,dog,3.201436
krovetz,are,0.706319
krovetz,seven,3.753097
krovetz,deadly,3.326735
krovetz,sins,4.720183
krovetz,hurricane,5.160122
krovetz,irene,6.308538
krovetz,flooding,4.717486
krovetz,in,0.265225
krovetz,manville,9.164504
krovetz,nj,4.528912
krovetz,hair,3.386292
krovetz,dye,5.770914
krovetz,dark,3.161322
krovetz,chocolate,4.172966
krovetz,health,2.163515
krovetz,benefits,2.736501
krovetz,ham,5.560726
krovetz,radio,3.188397
krovetz,symptoms,4.719753
krovetz,mad,3.198545
krovetz,cow,5.147438
krovetz,disease,3.777785
krovetz,humans,2.755421
krovetz,lump,6.204723
krovetz,throat,5.346666
krovetz,george,3.666684
krovetz,bush,4.486998
krovetz,sr,4.818997
krovetz,bio,4.147237
krovetz,frank,4.180499
krovetz,lloyd,5.555123
krovetz,wright,5.104664
krovetz,biography,4.412296
krovetz,presidential,5.038015
krovetz,middle,3.233643
krovetz,names,1.450468
krovetz,a,0.251930
krovetz,wiki,4.224373
krovetz,cannellini,10.024773
krovetz,beans,4.790163
krovetz,afghanistan,4.470990
krovetz,flag,4.077309
krovetz,old,2.115686
krovetz,town,3.172962
krovetz,scottsdale,6.198959
krovetz,roosevelt,6.198921
krovetz,island,2.922269
krovetz,civil,3.752077
krovetz,war,3.101820
krovetz,battles,3.760821
krovetz,south,2.495546
krovetz,carolina,3.589444
krovetz,rain,3.817212
krovetz,man,2.618807
krovetz,eggs,4.331907
krovetz,shelf,5.192880
krovetz,life,1.811844
krovetz,occupational,4.629660
krovetz,therapist,5.555839
krovetz,ford,4.490023
krovetz,edge,3.660250
krovetz,problems,2.494484
krovetz,identifying,3.457445
krovetz,spider,4.910060
krovetz,bites,4.172426
krovetz,history,2.234743
krovetz,orcas,7.345706
krovetz,tooth,5.735272
krovetz,abscess,8.102822
krovetz,barrett,6.342408
krovetz,esophagus,7.815812
krovetz,teddy,5.837121
krovetz,bears,3.559653
krovetz,patron,5.303308
krovetz,saint,3.852895
krovetz,mental,4.006399
krovetz,illness,4.151492
krovetz,holes,4.216552
krovetz,by,0.390542
krovetz,louis,4.174199
krovetz,sachar,10.155871
krovetz,hip,4.064328
krovetz,roof,4.520656
krovetz,carpenter,5.923153
krovetz,bee,4.816492
krovetz,american,2.106164
krovetz,revolutionary,5.446696
krovetz,folk,3.773482
krovetz,remedies,4.968059
krovetz,sore,5.475357
krovetz,balding,6.168153
krovetz,cure,4.625319
krovetz,evidence,3.474658
krovetz,evolution,4.586139
krovetz,tribe,5.497756
krovetz,formerly,3.560870
krovetz,living,1.740039
krovetz,alabama,3.985732
krovetz,f5,Q:tornado
krovetz,heart,2.254843
krovetz,attack,3.530597
krovetz,feliz,7.412718
krovetz,navidad,8.613328
krovetz,running,2.347845
krovetz,marshall,4.538834
krovetz,county,3.147494
krovetz,schools,2.115547
krovetz,sun,2.768173
krovetz,tzu,7.353146
krovetz,halloween,4.508318
krovetz,school,2.115547
krovetz,dreams,3.033065
krovetz,interpretation,5.092368
krovetz,wilson,4.591389
krovetz,instruction,3.528891
krovetz,cole,5.304234
krovetz,how,1.377091
krovetz,has,1.305000
krovetz,african,3.199912
krovetz,music,2.127932
krovetz,influence,4.014778
krovetz,bewitched,7.981335
krovetz,cast,3.981212
krovetz,mister,6.338115
krovetz,rogers,5.414091
krovetz,game,2.050698
krovetz,theory,4.058084
krovetz,view,1.088608
krovetz,my,1.131792
krovetz,internet,2.333691
krovetz,ketogenic,9.934524
krovetz,diet,4.059036
krovetz,nasa,5.557609
krovetz,interplanetary,9.044873
krovetz,missions,3.206555
krovetz,hayrides,9.173237
krovetz,pa,3.931398
krovetz,where,1.809876
krovetz,to,0.253752
krovetz,find,1.104699
krovetz,morel,8.522106
krovetz,mushrooms,5.515987
krovetz,magnesium,6.632256
krovetz,rich,3.621024
krovetz,foods,2.346265
krovetz,common,2.791468
krovetz,schizophrenia,7.006195
krovetz,drugs,3.414387
krovetz,carotid,8.818355
krovetz,cavernous,8.867295
krovetz,fistula,8.788448
krovetz,fidel,7.911424
krovetz,castro,6.455123
krovetz,yoga,4.924688
krovetz,norway,4.097134
krovetz,spruce,6.625034
krovetz,sangre,8.622322
krovetz,de,2.617992
krovetz,cristo,7.973377
krovetz,mountains,3.528345
krovetz,electronic,3.142312
krovetz,medical,2.924159
krovetz,record,2.687453
krovetz,educational,3.671230
krovetz,advantages,3.609511
krovetz,social,2.396363
krovetz,networking,2.342090
krovetz,sites,0.976458
krovetz,flowering,3.372114
krovetz,plants,3.359212
krovetz,tie,4.042117
krovetz,windsor,5.476314
krovetz,knot,5.691345
krovetz,recycling,4.504665
krovetz,lead,2.267988
krovetz,acid,4.684757
krovetz,batteries,3.894131
krovetz,altitude,6.274277
krovetz,sickness,4.299918
krovetz,care,2.271539
krovetz,jehovah,7.756346
krovetz,witnesses,4.211649
krovetz,pink,3.843511
krovetz,slime,7.151577
krovetz,ground,3.332020
krovetz,mean,2.410869
sStripping,raspberry,6.213515
sStripping,pi,5.582595
sStripping,uss,3.597369
sStripping,carl,5.167438
sStripping,vinson,8.426592
sStripping,reviews,2.081104
sStripping,of,0.250701
sStripping,les,2.031039
sStripping,miserables,8.134277
sStripping,rules,2.809903
sStripping,golf,3.687133
sStripping,average,3.642867
sStripping,charitable,5.490759
sStripping,donation,4.053623
sStripping,wind,3.762180
sStripping,power,2.497380
sStripping,bph,8.439678
sStripping,treatment,3.521647
sStripping,doctor,3.553911
sStripping,zhivago,9.885791
sStripping,land,3.189894
sStripping,surveyor,6.597650
sStripping,gps,4.421434
sStripping,what,1.194595
sStripping,is,0.867824
sStripping,madagascar,5.095070
sStripping,known,2.920951
sStripping,for,0.343441
sStripping,home,0.616560
sStripping,theater,4.233861
sStripping,systems,2.011987
sStripping,carpal,7.819998
sStripping,tunnel,5.451253
sStripping,syndrome,5.293188
sStripping,capital,3.788207
sStripping,gains,3.903142
sStripping,tax,3.155047
sStripping,rate,3.108476
sStripping,maryland,3.891189
sStripping,department,2.940745
sStripping,natural,3.083075
sStripping,resources,1.859092
sStripping,nicolas,5.956184
sStripping,cage,5.562056
sStripping,movies,3.191957
sStripping,kids,2.730624
sStripping,earth,3.441225
sStripping,day,1.232849
sStripping,activities,2.608903
sStripping,solar,4.548619
sStripping,water,2.649058
sStripping,fountains,5.283421
sStripping,was,1.360909
sStripping,the,0.227034
sStripping,name,1.568338
sStripping,elvis,6.157863
sStripping,presley,7.030835
sStripping,s,Q:witnesses
sStripping,nba,5.060156
sStripping,records,2.934937
sStripping,electoral,6.483389
sStripping,college,2.926886
sStripping,results,2.244296
sStripping,2008,1.988047
sStripping,male,3.814182
sStripping,menopause,6.472027
sStripping,usda,6.271905
sStripping,food,2.346393
sStripping,pyramid,5.805516
sStripping,making,2.452494
sStripping,chicken,4.412895
sStripping,soup,4.845186
sStripping,from,0.696166
sStripping,scratch,5.056835
sStripping,black,2.511514
sStripping,and,0.267535
sStripping,gold,3.234750
sStripping,traverse,6.530534
sStripping,city,2.051329
sStripping,i,0.867824
sStripping,will,1.095486
sStripping,survive,4.953490
sStripping,lyrics,4.640788
sStripping,hawaiian,5.916404
sStripping,volcano,6.124387
sStripping,observatories,6.427036
sStripping,beef,5.210508
sStripping,stroganoff,9.255256
sStripping,recipe,4.426455
sStripping,world,1.535810
sStripping,dog,3.206343
sStripping,are,0.707181
sStripping,seven,3.753401
sStripping,deadly,5.004914
sStripping,sins,4.824459
sStripping,hurricane,5.437177
sStripping,irene,6.308687
sStripping,flooding,6.277004
sStripping,in,0.264828
sStripping,manville,9.164689
sStripping,nj,4.526362
sStripping,hair,3.409703
sStripping,dye,6.090473
sStripping,dark,3.325154
sStripping,chocolate,4.266273
sStripping,health,2.163600
sStripping,benefits,2.759652
sStripping,ham,5.644782
sStripping,radio,3.189030
sStripping,symptoms,4.719894
sStripping,mad,3.343667
sStripping,cow,5.165079
sStripping,disease,4.027694
sStripping,humans,2.804956
sStripping,lump,6.335456
sStripping,throat,5.383886
sStripping,george,3.702794
sStripping,bush,4.540700
sStripping,sr,4.749406
sStripping,bio,4.147541
sStripping,frank,4.353498
sStripping,lloyd,5.555128
sStripping,wright,5.108639
sStripping,biography,4.485693
sStripping,presidential,5.039817
sStripping,middle,3.236796
sStripping,names,3.325466
sStripping,a,0.251930
sStripping,wiki,4.224837
sStripping,cannellini,10.024773
sStripping,beans,4.794942
sStripping,afghanistan,4.600023
sStripping,flag,4.133093
sStripping,old,2.320904
sStripping,town,3.175163
sStripping,scottsdale,6.198968
sStripping,roosevelt,6.198921
sStripping,island,2.949519
sStripping,civil,3.769811
sStripping,war,3.092052
sStripping,battles,5.732183
sStripping,south,2.496133
sStripping,carolina,3.589444
sStripping,rain,3.897332
sStripping,man,2.655487
sStripping,eggs,4.353209
sStripping,shelf,5.193550
sStripping,life,1.813808
sStripping,occupational,5.499781
sStripping,therapist,5.555849
sStripping,ford,4.494279
sStripping,edge,3.816671
sStripping,problems,2.494536
sStripping,identifying,5.298210
sStripping,spider,4.916953
sStripping,bites,2.846236
sStripping,history,2.234778
sStripping,orcas,7.345706
sStripping,tooth,5.796526
sStripping,abscess,8.385271
sStripping,barrett,6.272798
sStripping,teddy,5.837141
sStripping,bears,3.783468
sStripping,patron,5.387839
sStripping,saint,3.858056
sStripping,mental,4.211227
sStripping,illness,4.997183
sStripping,holes,5.191762
sStripping,by,0.390518
sStripping,louis,4.172793
sStripping,sachar,10.156370
sStripping,hip,4.073639
sStripping,roof,4.709031
sStripping,carpenter,5.925137
sStripping,bee,5.101424
sStripping,american,2.498990
sStripping,revolutionary,5.447037
sStripping,folk,3.775382
sStripping,remedies,4.997676
sStripping,sore,5.931384
sStripping,balding,8.494183
sStripping,cure,4.915565
sStripping,evidence,3.498934
sStripping,evolution,4.589454
sStripping,tribe,5.925971
sStripping,formerly,5.194886
sStripping,living,2.686539
sStripping,alabama,3.985732
sStripping,f5,Q:tornado
sStripping,heart,2.263767
sStripping,attack,3.635438
sStripping,feliz,7.397086
sStripping,navidad,8.595682
sStripping,running,3.231532
sStripping,marshall,4.538832
sStripping,county,3.147514
sStripping,schools,2.122853
sStripping,sun,2.769802
sStripping,tzu,7.353176
sStripping,halloween,4.508316
sStripping,school,2.122853
sStripping,dreams,3.150200
sStripping,interpretation,5.093567
sStripping,wilson,4.591467
sStripping,instruction,3.617498
sStripping,cole,5.304180
sStripping,how,1.377163
sStripping,has,1.289474
sStripping,african,3.965569
sStripping,music,2.174698
sStripping,influence,4.398746
sStripping,bewitched,8.615889
sStripping,cast,4.155479
sStripping,mister,6.339299
sStripping,rogers,4.511313
sStripping,game,2.680173
sStripping,theory,4.058507
sStripping,view,1.199547
sStripping,my,1.131990
sStripping,internet,2.333677
sStripping,ketogenic,9.934524
sStripping,diet,4.110167
sStripping,nasa,5.557845
sStripping,interplanetary,9.044873
sStripping,missions,3.209224
sStripping,hayrides,9.888077
sStripping,pa,3.775545
sStripping,where,1.810778
sStripping,to,0.253441
sStripping,find,1.164458
sStripping,morel,8.531589
sStripping,mushrooms,5.540608
sStripping,magnesium,6.632300
sStripping,rich,3.696112
sStripping,foods,2.346393
sStripping,common,2.865608
sStripping,schizophrenia,7.006195
sStripping,drugs,3.418918
sStripping,carotid,8.818093
sStripping,cavernous,8.872807
sStripping,fistula,8.788321
sStripping,fidel,7.862602
sStripping,castro,6.456565
sStripping,yoga,4.924688
sStripping,norway,4.397515
sStripping,spruce,6.732830
sStripping,sangre,8.637059
sStripping,de,2.685163
sStripping,cristo,7.973377
sStripping,mountains,3.528464
sStripping,electronic,3.169198
sStripping,medical,2.928927
sStripping,record,2.934937
sStripping,educational,3.673971
sStripping,advantages,4.817892
sStripping,social,2.438768
sStripping,networking,3.865463
sStripping,sites,2.403129
sStripping,flowering,6.832321
sStripping,plants,3.469208
sStripping,tie,4.847954
sStripping,windsor,5.476314
sStripping,knot,5.803338
sStripping,recycling,5.076342
sStripping,lead,2.972518
sStripping,acid,4.727886
sStripping,batteries,3.894203
sStripping,altitude,6.355454
sStripping,sickness,6.103506
sStripping,care,2.342554
sStripping,jehovah,7.756346
sStripping,pink,3.850559
sStripping,slime,7.198295
sStripping,ground,3.380218
sStripping,mean,2.525753
porter2,raspberry,6.211168
porter2,pi,5.605369
porter2,uss,6.964714
porter2,carl,5.048546
porter2,vinson,8.426238
porter2,reviews,2.031698
porter2,of,0.250700
porter2,les,4.700054
porter2,miserables,5.934496
porter2,rules,2.568336
porter2,golf,3.661991
porter2,average,3.582402
porter2,charitable,5.465695
porter2,donation,3.230435
porter2,wind,3.694773
porter2,power,1.508140
porter2,bph,8.448408
porter2,treatment,3.521623
porter2,doctor,3.446705
porter2,zhivago,9.885410
porter2,land,3.035995
porter2,surveyor,6.597636
porter2,gps,4.799868
porter2,what,1.194605
porter2,is,0.535026
porter2,madagascar,5.095067
porter2,known,2.920596
porter2,for,0.343426
porter2,home,0.610788
porter2,theater,4.233491
porter2,systems,2.006772
porter2,carpal,7.819805
porter2,tunnel,5.384123
porter2,syndrome,5.247426
porter2,capital,3.646215
porter2,gains,3.597558
porter2,tax,3.145420
porter2,rate,2.142841
porter2,maryland,3.890714
porter2,department,2.867735
porter2,natural,2.400457
porter2,resources,1.735163
porter2,nicolas,5.928739
porter2,cage,4.997458
porter2,movies,2.665700
porter2,kids,2.702754
porter2,earth,3.426883
porter2,day,1.232778
porter2,activities,2.010972
porter2,solar,4.542423
porter2,water,2.632018
porter2,fountains,5.276088
porter2,was,1.397886
porter2,the,0.227034
porter2,name,1.445686
porter2,elvis,6.145000
porter2,presley,7.030791
porter2,s,0.448648
porter2,nba,5.060605
porter2,records,2.615686
porter2,electoral,6.163809
porter2,college,2.846015
porter2,results,2.187023
porter2,2008,1.988047
porter2,male,3.750345
porter2,menopause,6.372872
porter2,usda,6.271854
porter2,food,2.346305
porter2,pyramid,5.774611
porter2,making,1.297818
porter2,chicken,4.409944
porter2,soup,4.833177
porter2,from,0.696166
porter2,scratch,4.825684
porter2,black,2.507942
porter2,and,0.267560
porter2,gold,3.230292
porter2,traverse,6.172237
porter2,city,2.047777
porter2,i,0.867824
porter2,will,1.088639
porter2,survive,3.971994
porter2,lyrics,4.569338
porter2,hawaiian,5.916203
porter2,volcano,6.122460
porter2,observatories,6.425911
porter2,beef,5.177897
porter2,stroganoff,9.255256
porter2,recipe,3.672116
porter2,world,1.534904
porter2,biggest,4.074904
porter2,dog,3.199626
porter2,are,0.706221
porter2,seven,3.753048
porter2,deadly,3.327081
porter2,sins,4.751758
porter2,hurricane,5.156287
porter2,irene,6.283020
porter2,flooding,4.718638
porter2,in,0.264867
porter2,manville,9.164504
porter2,nj,4.528919
porter2,hair,3.385318
porter2,dye,5.681524
porter2,dark,3.182936
porter2,chocolate,4.169972
porter2,health,2.162164
porter2,benefits,2.736577
porter2,ham,5.642757
porter2,radio,3.188452
porter2,symptoms,4.719247
porter2,mad,3.198884
porter2,cow,5.150070
porter2,disease,3.777779
porter2,humans,2.682387
porter2,lump,6.210165
porter2,throat,5.346613
porter2,george,3.650425
porter2,bush,4.488908
porter2,sr,4.819765
porter2,bio,4.147272
porter2,frank,4.169806
porter2,lloyd,5.554822
porter2,wright,5.106530
porter2,biography,4.479092
porter2,presidential,5.036836
porter2,middle,3.233091
porter2,names,1.445686
porter2,a,0.251930
porter2,wiki,4.224289
porter2,cannellini,10.024773
porter2,beans,4.780964
porter2,afghanistan,4.600021
porter2,flag,4.060510
porter2,old,2.316162
porter2,town,3.167376
porter2,scottsdale,6.198835
porter2,roosevelt,6.198797
porter2,island,2.921895
porter2,civil,3.559036
porter2,war,3.101744
porter2,battles,3.766121
porter2,south,2.496069
porter2,carolina,3.589290
porter2,rain,3.825028
porter2,man,2.620637
porter2,eggs,4.351886
porter2,shelf,5.193306
porter2,life,1.811904
porter2,occupational,4.412181
porter2,therapist,5.555844
porter2,ford,4.482788
porter2,edge,3.646577
porter2,problems,2.493134
porter2,identifying,3.589020
porter2,spider,4.909889
porter2,bites,4.178999
porter2,history,2.233722
porter2,orcas,7.345406
porter2,tooth,5.735368
porter2,abscess,8.102758
porter2,barrett,6.228434
porter2,esophagus,7.815812
porter2,teddy,5.819983
porter2,bears,3.593305
porter2,patron,5.300028
porter2,saint,3.844405
porter2,mental,4.005216
porter2,illness,4.076904
porter2,holes,4.217186
porter2,by,0.390543
porter2,louis,4.172093
porter2,sachar,10.149907
porter2,hip,4.069846
porter2,roof,4.540130
porter2,carpenter,5.921281
porter2,bee,4.816975
porter2,american,2.497946
porter2,revolutionary,5.446983
porter2,folk,3.774197
porter2,remedies,4.785556
porter2,sore,5.485305
porter2,balding,6.197730
porter2,cure,4.628129
porter2,evidence,3.394963
porter2,evolution,4.583505
porter2,tribe,5.498082
porter2,formerly,3.560890
porter2,living,1.741592
porter2,alabama,3.985712
porter2,f5,Q:tornado
porter2,heart,2.253470
porter2,attack,3.530409
porter2,feliz,7.396076
porter2,navidad,8.595054
porter2,running,2.387765
porter2,marshall,4.443144
porter2,county,3.147429
porter2,schools,2.116871
porter2,sun,2.768614
porter2,tzu,7.373609
porter2,halloween,4.508216
porter2,school,2.116871
porter2,dreams,3.070533
porter2,interpretation,4.379127
porter2,wilson,4.591273
porter2,instruction,3.431193
porter2,cole,5.211118
porter2,how,1.377157
porter2,has,1.305001
porter2,african,3.963719
porter2,music,2.127741
porter2,influence,4.014549
porter2,bewitched,7.971861
porter2,cast,3.953109
porter2,mister,6.334201
porter2,rogers,4.511016
porter2,game,2.057308
porter2,theory,4.056324
porter2,view,1.108573
porter2,my,1.132166
porter2,internet,2.333453
porter2,ketogenic,9.933725
porter2,diet,4.081800
porter2,nasa,5.557815
porter2,interplanetary,9.044053
porter2,missions,3.206233
porter2,hayrides,9.170814
porter2,pa,3.935169
porter2,where,1.809873
porter2,to,0.253748
porter2,find,1.120432
porter2,morel,8.283149
porter2,mushrooms,5.515987
porter2,magnesium,6.632271
porter2,rich,3.652457
porter2,foods,2.346305
porter2,common,2.786872
porter2,schizophrenia,7.006195
porter2,drugs,3.413734
porter2,carotid,8.797762
porter2,cavernous,7.116537
porter2,fistula,8.707253
porter2,fidel,6.357060
porter2,castro,6.456565
porter2,yoga,4.924685
porter2,norway,4.397509
porter2,spruce,6.625209
porter2,sangre,8.614074
porter2,de,2.686795
porter2,cristo,7.973321
porter2,mountains,3.496484
porter2,electronic,3.115469
porter2,medical,2.823087
porter2,record,2.615686
porter2,educational,2.049448
porter2,advantages,3.589012
porter2,social,2.395129
porter2,networking,2.342086
porter2,sites,0.976628
porter2,flowering,3.372063
porter2,plants,3.377925
porter2,tie,4.043290
porter2,windsor,5.476259
porter2,knot,5.764430
porter2,recycling,4.504208
porter2,lead,2.565433
porter2,acid,4.649989
porter2,batteries,3.890314
porter2,altitude,6.272695
porter2,sickness,4.287132
porter2,care,2.137054
porter2,jehovah,7.756346
porter2,witnesses,4.004115
porter2,pink,3.848058
porter2,slime,7.064308
porter2,ground,3.333389
porter2,mean,2.411372
lovins,raspberry,6.209124
lovins,pi,4.344974
lovins,uss,0.499009
lovins,carl,4.561831
lovins,vinson,8.425531
lovins,reviews,2.036838
lovins,of,0.250675
lovins,les,3.061909
lovins,miserables,8.121681
lovins,rules,6.126841
lovins,golf,3.659305
lovins,average,3.583285
lovins,charitable,5.446134
lovins,donation,1.481305
lovins,wind,3.627119
lovins,power,1.507213
lovins,bph,8.407495
lovins,treatment,3.659023
lovins,doctor,3.862600
lovins,zhivago,9.888077
lovins,land,3.022744
lovins,surveyor,6.597636
lovins,gps,4.283428
lovins,what,1.194394
lovins,is,0.527370
lovins,madagascar,5.095029
lovins,known,2.920562
lovins,for,0.320278
lovins,home,0.606695
lovins,theater,4.233471
lovins,systems,1.998993
lovins,carpal,6.322840
lovins,tunnel,5.380269
lovins,syndrome,5.247039
lovins,capital,3.634348
lovins,gains,3.595822
lovins,tax,2.975505
lovins,rate,2.070183
lovins,maryland,3.891172
lovins,department,3.100557
lovins,natural,2.400287
lovins,resources,1.735583
lovins,nicolas,4.861270
lovins,cage,4.958074
lovins,movies,2.066035
lovins,kids,2.685124
lovins,earth,3.404511
lovins,day,1.232067
lovins,activities,1.497103
lovins,solar,3.378069
lovins,water,2.631371
lovins,fountains,5.276012
lovins,was,1.351580
lovins,the,0.165628
lovins,name,1.434211
lovins,elvis,5.664880
lovins,presley,7.032194
lovins,s,0.448648
lovins,nba,4.568464
lovins,records,2.686465
lovins,electoral,6.191797
lovins,college,2.842147
lovins,results,2.186794
lovins,2008,1.988047
lovins,male,3.063415
lovins,menopause,6.370131
lovins,usda,4.401303
lovins,food,2.344483
lovins,pyramid,5.779751
lovins,making,1.294201
lovins,chicken,4.162826
lovins,soup,4.825247
lovins,from,0.695855
lovins,scratch,4.794715
lovins,black,2.504103
lovins,and,0.266484
lovins,gold,2.869810
lovins,traverse,6.043315
lovins,city,1.932286
lovins,i,0.867824
lovins,will,1.081181
lovins,survive,4.935219
lovins,lyrics,4.506557
lovins,hawaiian,3.815576
lovins,volcano,5.970031
lovins,observatories,8.448950
lovins,beef,5.139774
lovins,stroganoff,9.255054
lovins,recipe,3.667611
lovins,world,1.534650
lovins,biggest,4.074875
lovins,dog,3.166960
lovins,are,0.691053
lovins,seven,3.739464
lovins,deadly,3.323717
lovins,sins,4.564642
lovins,hurricane,5.156012
lovins,irene,4.230162
lovins,flooding,4.717937
lovins,in,0.263045
lovins,manville,9.139298
lovins,nj,4.513726
lovins,hair,3.361712
lovins,dye,5.248078
lovins,dark,3.158473
lovins,chocolate,4.168488
lovins,health,2.063987
lovins,benefits,2.736453
lovins,ham,5.247201
lovins,radio,3.044964
lovins,symptoms,4.700537
lovins,mad,1.813782
lovins,cow,5.104205
lovins,disease,3.777722
lovins,humans,2.670965
lovins,lump,6.065573
lovins,throat,5.337336
lovins,george,2.915310
lovins,bush,4.449145
lovins,sr,4.002000
lovins,bio,3.915468
lovins,frank,4.132120
lovins,lloyd,5.552777
lovins,wright,5.102414
lovins,biography,4.409993
lovins,presidential,3.227787
lovins,middle,3.233055
lovins,names,1.434211
lovins,a,0.251930
lovins,wiki,4.207942
lovins,cannellini,10.009585
lovins,beans,4.709555
lovins,afghanistan,4.599696
lovins,flag,4.052654
lovins,old,2.307190
lovins,town,3.166758
lovins,scottsdale,6.198949
lovins,roosevelt,6.197206
lovins,island,2.948185
lovins,civil,3.473811
lovins,war,2.860234
lovins,battles,3.764578
lovins,south,2.495108
lovins,carolina,3.586141
lovins,rain,3.707897
lovins,man,1.464926
lovins,eggs,3.875246
lovins,shelf,5.192514
lovins,life,1.809728
lovins,occupational,3.940061
lovins,therapist,4.075068
lovins,ford,4.476981
lovins,edge,3.621598
lovins,problems,2.481054
lovins,identifying,3.460194
lovins,spider,4.908399
lovins,bites,2.665300
lovins,history,2.088246
lovins,orcas,6.505291
lovins,tooth,5.633043
lovins,abscess,8.101351
lovins,barrett,6.132676
lovins,esophagus,7.815764
lovins,teddy,4.578213
lovins,bears,3.577721
lovins,patron,5.198841
lovins,saint,3.841576
lovins,mental,2.988363
lovins,illness,3.292613
lovins,holes,3.290059
lovins,by,0.389941
lovins,louis,4.023685
lovins,sachar,10.064466
lovins,hip,3.978543
lovins,roof,4.537157
lovins,carpenter,5.918721
lovins,bee,0.828504
lovins,american,2.485478
lovins,revolutionary,5.235778
lovins,folk,3.772440
lovins,remedies,4.891380
lovins,sore,3.033195
lovins,balding,6.101990
lovins,cure,1.518578
lovins,evidence,3.376878
lovins,evolution,3.800065
lovins,tribe,4.960069
lovins,formerly,3.560815
lovins,living,1.733495
lovins,alabama,3.984982
lovins,f5,Q:tornado
lovins,heart,2.239052
lovins,attack,3.543815
lovins,feliz,7.393019
lovins,navidad,8.594740
lovins,running,2.372470
lovins,marshall,4.520610
lovins,county,2.587279
lovins,schools,2.116529
lovins,sun,2.673594
lovins,tzu,7.361616
lovins,halloween,4.506525
lovins,school,2.116529
lovins,dreams,3.037011
lovins,interpretation,4.499456
lovins,wilson,4.588804
lovins,instruction,3.295191
lovins,cole,3.539234
lovins,how,1.374110
lovins,has,1.283864
lovins,african,3.958973
lovins,music,2.055210
lovins,influence,3.913757
lovins,bewitched,7.990213
lovins,cast,3.913144
lovins,mister,6.119084
lovins,rogers,4.509336
lovins,game,2.043124
lovins,theory,4.025796
lovins,view,1.107808
lovins,my,1.131346
lovins,internet,2.333168
lovins,ketogenic,9.933725
lovins,diet,3.963744
lovins,nasa,5.192316
lovins,interplanetary,9.031181
lovins,missions,2.276841
lovins,hayrides,9.001043
lovins,pa,3.710765
lovins,where,1.808773
lovins,to,0.249354
lovins,find,1.119751
lovins,morel,7.367211
lovins,mushrooms,5.514745
lovins,magnesium,6.578464
lovins,rich,3.646018
lovins,foods,2.344483
lovins,common,2.788784
lovins,schizophrenia,6.775172
lovins,drugs,3.409808
lovins,carotid,8.817308
lovins,cavernous,7.072700
lovins,fistula,8.686165
lovins,fidel,7.471836
lovins,castro,6.279574
lovins,yoga,4.829850
lovins,norway,4.397795
lovins,spruce,6.624801
lovins,sangre,7.759382
lovins,de,2.086870
lovins,cristo,6.648875
lovins,mountains,3.519710
lovins,electronic,3.114860
lovins,medical,1.640440
lovins,record,2.686465
lovins,educational,2.048816
lovins,advantages,3.609817
lovins,social,2.379400
lovins,networking,2.343104
lovins,sites,0.938761
lovins,flowering,3.371690
lovins,plants,3.322896
lovins,tie,3.726733
lovins,windsor,5.477421
lovins,knot,5.536800
lovins,recycling,4.521835
lovins,lead,2.564568
lovins,acid,4.645726
lovins,batteries,4.691609
lovins,altitude,6.270696
lovins,sickness,4.252505
lovins,care,1.583847
lovins,jehovah,7.755667
lovins,witnesses,4.007665
lovins,pink,3.813147
lovins,slime,5.028131
lovins,ground,3.331909
lovins,mean,2.410231
wikt,raspberry,6.213825
wikt,pi,5.483672
wikt,uss,0.715988
wikt,carl,5.177832
wikt,vinson,8.427565
wikt,reviews,2.031718
wikt,of,0.250692
wikt,les,2.622159
wikt,miserables,6.022861
wikt,rules,2.545805
wikt,golf,3.649925
wikt,average,3.582543
wikt,charitable,5.479810
wikt,donation,4.045659
wikt,wind,3.615479
wikt,power,1.508170
wikt,bph,8.439857
wikt,treatment,2.990780
wikt,doctor,3.549860
wikt,zhivago,9.888840
wikt,land,2.733624
wikt,surveyor,3.600828
wikt,gps,4.421326
wikt,what,1.194345
wikt,is,0.535024
wikt,madagascar,5.092601
wikt,known,1.595367
wikt,for,0.343452
wikt,home,0.609297
wikt,theater,4.233680
wikt,systems,1.997102
wikt,carpal,7.820046
wikt,tunnel,5.390902
wikt,syndrome,5.255950
wikt,capital,3.649369
wikt,gains,3.602577
wikt,tax,3.291807
wikt,rate,2.141786
wikt,maryland,3.890885
wikt,department,2.940745
wikt,natural,2.958131
wikt,resources,1.735245
wikt,nicolas,6.375825
wikt,cage,4.994698
wikt,movies,2.665823
wikt,kids,2.687564
wikt,earth,3.394951
wikt,day,1.062981
wikt,activities,1.463868
wikt,solar,4.546577
wikt,water,2.584159
wikt,fountains,5.282868
wikt,was,1.360739
wikt,the,0.227034
wikt,name,1.445440
wikt,elvis,6.166647
wikt,presley,7.033225
wikt,s,0.448648
wikt,nba,5.060474
wikt,records,2.687439
wikt,electoral,6.163643
wikt,college,2.846247
wikt,results,2.188893
wikt,2008,1.988047
wikt,male,3.751915
wikt,menopause,6.373598
wikt,usda,6.272110
wikt,food,2.341445
wikt,pyramid,5.804590
wikt,making,1.254627
wikt,chicken,6.428857
wikt,soup,4.822303
wikt,from,0.696172
wikt,scratch,4.780780
wikt,black,2.503580
wikt,and,0.267570
wikt,gold,2.866608
wikt,traverse,6.227885
wikt,city,2.046349
wikt,i,0.867824
wikt,will,1.093777
wikt,survive,3.816699
wikt,lyrics,4.539323
wikt,hawaiian,3.815819
wikt,volcano,5.805915
wikt,observatories,6.427036
wikt,beef,5.143161
wikt,stroganoff,9.255256
wikt,recipe,3.675185
wikt,world,1.480806
wikt,biggest,4.074943
wikt,dog,3.184346
wikt,are,0.706685
wikt,seven,3.603341
wikt,deadly,3.322622
wikt,sins,4.672853
wikt,hurricane,5.160247
wikt,irene,6.308932
wikt,flooding,4.717099
wikt,in,0.264842
wikt,manville,9.164689
wikt,nj,4.528919
wikt,hair,3.366270
wikt,dye,5.223030
wikt,dark,3.163609
wikt,chocolate,4.168139
wikt,health,3.013416
wikt,benefits,2.738801
wikt,ham,5.616535
wikt,radio,3.187307
wikt,symptoms,4.701439
wikt,mad,3.177649
wikt,cow,5.151316
wikt,disease,3.777756
wikt,humans,2.644631
wikt,lump,6.060954
wikt,throat,5.084055
wikt,george,3.666632
wikt,bush,4.445352
wikt,sr,4.819765
wikt,bio,4.147416
wikt,frank,2.900412
wikt,lloyd,5.663746
wikt,wright,5.108591
wikt,biography,4.403579
wikt,presidential,3.211449
wikt,middle,3.215527
wikt,names,1.445440
wikt,a,0.251930
wikt,wiki,4.224176
wikt,cannellini,10.024773
wikt,beans,4.662637
wikt,afghanistan,4.599781
wikt,flag,4.108844
wikt,old,2.310773
wikt,town,3.118659
wikt,scottsdale,6.198968
wikt,roosevelt,6.200523
wikt,island,2.922178
wikt,civil,3.634515
wikt,war,3.069959
wikt,battles,3.806907
wikt,south,2.352205
wikt,carolina,3.595693
wikt,rain,3.741911
wikt,man,2.593309
wikt,eggs,4.320108
wikt,shelf,4.791231
wikt,life,1.720422
wikt,occupational,4.629664
wikt,therapist,4.076095
wikt,ford,4.488543
wikt,edge,3.620337
wikt,problems,2.487424
wikt,identifying,3.641755
wikt,spider,4.905055
wikt,bites,3.927836
wikt,history,2.234812
wikt,orcas,7.345706
wikt,tooth,5.704450
wikt,abscess,8.104358
wikt,barrett,6.356670
wikt,esophagus,7.814564
wikt,teddy,5.837141
wikt,bears,3.529544
wikt,patron,5.187444
wikt,saint,3.850939
wikt,mental,3.991200
wikt,illness,4.079375
wikt,holes,4.209540
wikt,by,0.390533
wikt,louis,4.174599
wikt,sachar,10.157368
wikt,hip,3.975384
wikt,roof,4.527714
wikt,carpenter,5.922690
wikt,bee,1.484573
wikt,american,2.163031
wikt,revolutionary,4.153648
wikt,folk,3.769292
wikt,remedies,4.968577
wikt,sore,5.486912
wikt,balding,6.151579
wikt,cure,4.627408
wikt,evidence,3.473756
wikt,evolution,4.495273
wikt,tribe,4.984320
wikt,formerly,1.905271
wikt,living,1.821838
wikt,alabama,3.985395
wikt,f5,Q:tornado
wikt,heart,2.242560
wikt,attack,3.530446
wikt,feliz,7.412815
wikt,navidad,8.613434
wikt,running,2.343625
wikt,marshall,4.536954
wikt,county,3.147136
wikt,schools,2.033495
wikt,sun,2.692260
wikt,tzu,7.373639
wikt,halloween,4.508257
wikt,school,2.033495
wikt,dreams,4.002520
wikt,interpretation,4.580202
wikt,wilson,4.599397
wikt,instruction,3.440616
wikt,cole,5.214517
wikt,how,1.377615
wikt,has,0.742745
wikt,african,3.963731
wikt,music,2.060902
wikt,influence,3.898024
wikt,bewitched,7.986333
wikt,cast,3.909309
wikt,mister,4.832864
wikt,rogers,5.414178
wikt,game,2.026033
wikt,theory,4.038312
wikt,view,1.088103
wikt,my,1.131995
wikt,internet,2.333581
wikt,ketogenic,10.016066
wikt,diet,4.038873
wikt,nasa,5.558895
wikt,interplanetary,9.045037
wikt,missions,3.183322
wikt,hayrides,9.173237
wikt,pa,3.777263
wikt,where,1.809918
wikt,to,0.253069
wikt,find,1.104666
wikt,morel,8.537698
wikt,mushrooms,5.513448
wikt,magnesium,6.631962
wikt,rich,3.787393
wikt,foods,2.341445
wikt,common,2.789495
wikt,schizophrenia,6.774765
wikt,drugs,3.412308
wikt,carotid,8.816786
wikt,cavernous,7.128975
wikt,fistula,8.692030
wikt,fidel,7.913222
wikt,castro,6.459443
wikt,yoga,4.919684
wikt,norway,4.397512
wikt,spruce,6.625034
wikt,sangre,8.637059
wikt,de,2.616069
wikt,cristo,8.011183
wikt,mountains,3.495750
wikt,electronic,3.116239
wikt,medical,2.924150
wikt,record,2.687439
wikt,educational,2.051735
wikt,advantages,3.589986
wikt,social,2.384944
wikt,networking,2.342041
wikt,sites,0.976441
wikt,flowering,2.938651
wikt,plants,3.352764
wikt,tie,3.850387
wikt,windsor,5.477884
wikt,knot,5.790926
wikt,recycling,4.512607
wikt,lead,1.929218
wikt,acid,4.643929
wikt,batteries,3.894668
wikt,altitude,6.265853
wikt,sickness,4.245599
wikt,care,2.127267
wikt,jehovah,7.755622
wikt,witnesses,3.929881
wikt,pink,3.814243
wikt,slime,6.794887
wikt,ground,3.331103
wikt,mean,2.706321
none,raspberry,6.399028
none,pi,5.622275
none,vinson,8.427565
none,uss,6.985742
none,carl,5.185010
none,miserables,8.137121
none,les,4.700058
none,reviews,2.599415
none,of,0.250712
none,golf,3.687521
none,rules,2.810695
none,charitable,5.490759
none,donation,4.607810
none,average,3.642867
none,wind,3.919368
none,power,2.553138
none,bph,8.448408
none,treatment,3.659766
none,zhivago,9.888840
none,doctor,3.864719
none,surveyor,7.172705
none,land,3.325468
none,gps,4.799868
none,madagascar,5.095092
none,known,2.921261
none,what,1.199468
none,is,0.535027
none,for,0.343452
none,theater,4.391734
none,systems,2.880976
none,home,0.616560
none,carpal,7.834324
none,tunnel,5.668159
none,syndrome,5.293188
none,gains,5.430568
none,capital,3.836900
none,rate,3.108511
none,tax,3.339425
none,maryland,3.891357
none,natural,3.090491
none,department,3.113398
none,resources,1.859154
none,nicolas,6.375825
none,cage,5.562056
none,movies,3.192002
none,earth,3.445423
none,activities,3.122949
none,kids,2.920155
none,day,1.575992
none,fountains,6.499262
none,solar,4.550815
none,water,2.714246
none,presley,7.033225
none,elvis,6.169198
none,name,1.568339
none,was,1.397887
none,s,0.448648
none,the,0.227034
none,nba,5.060608
none,records,3.650446
none,electoral,6.485202
none,results,2.519664
none,college,2.926887
none,2008,1.988047
none,menopause,6.472027
none,male,3.814187
none,pyramid,6.007913
none,usda,6.272110
none,food,2.391751
none,scratch,5.220157
none,soup,5.059269
none,chicken,4.514153
none,making,2.453918
none,from,0.696172
none,gold,3.238232
none,black,2.518388
none,and,0.267584
none,traverse,6.530946
none,city,2.139416
none,survive,4.953490
none,lyrics,4.728822
none,will,1.106787
none,i,0.867824
none,observatories,8.517155
none,volcano,6.423617
none,hawaiian,5.929984
none,stroganoff,9.255864
none,beef,5.224612
none,recipe,4.426806
none,biggest,4.074943
none,dog,3.447052
none,world,1.549206
none,sins,5.841025
none,deadly,5.005986
none,seven,3.764852
none,are,0.707182
none,manville,9.164689
none,flooding,6.278758
none,irene,6.310487
none,hurricane,5.437177
none,nj,4.528919
none,in,0.265289
none,dye,6.090481
none,hair,3.423293
none,chocolate,4.266296
none,dark,3.326799
none,benefits,3.064268
none,health,2.163627
none,ham,5.700892
none,radio,3.217758
none,cow,5.470818
none,humans,4.899548
none,symptoms,4.812081
none,mad,3.348980
none,disease,4.027697
none,lump,6.609637
none,throat,5.463563
none,bio,4.368300
none,bush,4.616067
none,sr,4.819765
none,george,3.702794
none,lloyd,5.663746
none,wright,5.119929
none,biography,4.734747
none,frank,4.383094
none,presidential,5.040412
none,names,3.438815
none,middle,3.236796
none,wiki,4.295290
none,a,0.251930
none,cannellini,10.025648
none,beans,5.436300
none,afghanistan,4.600083
none,flag,4.421703
none,scottsdale,6.198968
none,town,3.299117
none,old,2.331261
none,roosevelt,6.201756
none,island,3.115675
none,battles,5.744912
none,civil,3.770942
none,carolina,3.595693
none,war,3.298744
none,south,2.496217
none,rain,3.968025
none,man,2.665574
none,shelf,5.196897
none,eggs,5.018455
none,life,1.813813
none,therapist,5.934159
none,occupational,5.499796
none,ford,4.503391
none,edge,3.816673
none,problems,3.079642
none,bites,5.651999
none,identifying,5.298210
none,spider,5.161016
none,orcas,8.591189
none,history,2.242353
none,abscess,8.385696
none,tooth,5.799572
none,esophagus,7.816052
none,barrett,6.356670
none,teddy,5.892195
none,bears,5.006148
none,patron,5.863331
none,illness,4.997274
none,mental,4.212074
none,saint,4.056146
none,sachar,10.157368
none,holes,5.270614
none,louis,4.174796
none,by,0.390545
none,roof,4.803968
none,hip,4.158331
none,carpenter,6.150461
none,bee,5.101567
none,revolutionary,5.493411
none,american,2.570255
none,sore,5.931384
none,remedies,5.468400
none,folk,4.921462
none,balding,8.494373
none,cure,4.915565
none,evolution,4.601886
none,evidence,3.498934
none,tribe,5.925971
none,formerly,5.194900
none,alabama,3.985888
none,living,2.686906
none,f5,Q:tornado
none,attack,3.885843
none,heart,2.400302
none,navidad,8.613434
none,feliz,7.412815
none,running,3.232652
none,marshall,4.549062
none,schools,3.306510
none,county,3.197295
none,tzu,7.373639
none,sun,2.787683
none,halloween,4.508897
none,school,2.272140
none,interpretation,5.268074
none,dreams,4.002520
none,wilson,4.600309
none,instruction,4.722966
none,cole,5.304238
none,influence,4.398762
none,african,3.977829
none,music,2.175401
none,how,1.377910
none,has,1.305001
none,bewitched,8.615889
none,cast,4.213328
none,mister,6.372350
none,rogers,5.414178
none,theory,4.185109
none,game,2.680182
none,internet,2.338767
none,view,1.294638
none,my,1.132170
none,ketogenic,10.016066
none,diet,4.175069
none,interplanetary,9.045037
none,missions,5.524089
none,nasa,5.558895
none,hayrides,9.888458
none,pa,3.936034
none,morel,8.708894
none,mushrooms,6.180522
none,where,1.810778
none,find,1.180667
none,to,0.253763
none,magnesium,6.632433
none,foods,4.362590
none,rich,3.809932
none,schizophrenia,7.006943
none,drugs,4.134619
none,common,3.187303
none,cavernous,8.872807
none,carotid,8.834182
none,fistula,8.891215
none,fidel,7.913328
none,castro,6.459926
none,yoga,4.925587
none,spruce,6.732830
none,norway,4.397803
none,sangre,8.637059
none,cristo,8.011183
none,mountains,4.711371
none,de,2.686828
none,electronic,3.690356
none,record,3.389195
none,medical,2.929290
none,advantages,4.818796
none,networking,3.865564
none,educational,3.674067
none,sites,2.606911
none,social,2.440927
none,flowering,6.841631
none,plants,3.959582
none,knot,6.354084
none,windsor,5.477884
none,tie,4.847971
none,recycling,5.076485
none,acid,4.882062
none,batteries,4.962189
none,lead,3.223929
none,sickness,6.103558
none,altitude,6.355454
none,jehovah,7.786756
none,witnesses,4.903246
none,care,2.342575
none,slime,7.198295
none,pink,3.861246
none,ground,3.560290
none,mean,3.283367
