stemmer,word,stem,count
paiceHusk,raspberry,raspberry,12
paiceHusk,pi,pi,1
paiceHusk,uss,uss,101
paiceHusk,carl,carl,176
paiceHusk,vinson,vinson,7
paiceHusk,reviews,review,90
paiceHusk,of,of,284
paiceHusk,les,les,1
paiceHusk,miserables,miser,113
paiceHusk,rules,rule,45
paiceHusk,golf,golf,76
paiceHusk,average,av,954
paiceHusk,charitable,charit,65
paiceHusk,donation,donat,108
paiceHusk,windsor,wind,199
paiceHusk,power,power,175
paiceHusk,bph,bph,1
paiceHusk,treatment,treat,134
paiceHusk,doctor,doct,177
paiceHusk,zhivago,zhivago,6
paiceHusk,land,land,200
paiceHusk,surveyor,survey,52
paiceHusk,gps,gps,1
paiceHusk,what,what,170
paiceHusk,is,is,419
paiceHusk,madagascar,madagasc,16
paiceHusk,known,known,25
paiceHusk,for,for,1
paiceHusk,home,home,117
paiceHusk,theater,theat,177
paiceHusk,systems,system,196
paiceHusk,carpenter,carp,145
paiceHusk,tunnel,tunnel,41
paiceHusk,syndrome,syndrom,35
paiceHusk,capital,capit,222
paiceHusk,gains,gain,74
paiceHusk,tax,tax,1
paiceHusk,rate,rate,51
paiceHusk,maryland,maryland,32
paiceHusk,department,depart,127
paiceHusk,natural,natur,273
paiceHusk,resources,resourc,58
paiceHusk,nicolas,nicola,27
paiceHusk,cage,cage,24
paiceHusk,movies,movy,136
paiceHusk,kids,kids,47
paiceHusk,earth,earth,109
paiceHusk,day,day,1
paiceHusk,activities,act,795
paiceHusk,solar,solar,100
paiceHusk,water,water,129
paiceHusk,fountains,fountain,23
paiceHusk,was,was,1
paiceHusk,the,the,1
paiceHusk,names,name,88
paiceHusk,elvis,elv,174
paiceHusk,presley,presley,6
paiceHusk,s,s,1
paiceHusk,nba,nba,1
paiceHusk,records,record,144
paiceHusk,electoral,elect,404
paiceHusk,college,colleg,118
paiceHusk,results,result,118
paiceHusk,male,male,94
paiceHusk,menopause,menopau,20
paiceHusk,usda,usd,63
paiceHusk,foods,food,126
paiceHusk,pyramid,pyramid,52
paiceHusk,making,making,21
paiceHusk,chicken,chick,131
paiceHusk,soup,soup,62
paiceHusk,from,from,176
paiceHusk,scratch,scratch,37
paiceHusk,black,black,197
paiceHusk,and,and,588
paiceHusk,gold,gold,212
paiceHusk,traverse,traver,48
paiceHusk,city,city,110
paiceHusk,i,i,1
paiceHusk,will,will,237
paiceHusk,survive,surv,188
paiceHusk,lyrics,lyric,82
paiceHusk,hawaiian,haway,63
paiceHusk,volcano,volcano,12
paiceHusk,observatories,observ,176
paiceHusk,beef,beef,57
paiceHusk,stroganoff,stroganoff,4
paiceHusk,recipe,recip,82
paiceHusk,world,world,131
paiceHusk,biggest,biggest,16
paiceHusk,dog,dog,1
paiceHusk,are,ar,1473
paiceHusk,seven,seven,84
paiceHusk,deadly,dead,157
paiceHusk,sins,sins,67
paiceHusk,hurricane,hurr,102
paiceHusk,irene,ir,759
paiceHusk,flooding,flood,46
paiceHusk,in,in,1659
paiceHusk,manville,manvil,8
paiceHusk,nj,nj,1
paiceHusk,hair,hair,79
paiceHusk,dye,dye,1
paiceHusk,dark,dark,198
paiceHusk,chocolate,chocol,148
paiceHusk,health,heal,95
paiceHusk,benefits,benefit,76
paiceHusk,ham,ham,1
paiceHusk,radio,radio,76
paiceHusk,symptoms,symptom,54
paiceHusk,mad,mad,1
paiceHusk,cow,cow,1
paiceHusk,disease,disea,42
paiceHusk,humans,human,191
paiceHusk,lump,lump,62
paiceHusk,throat,thro,62
paiceHusk,george,georg,172
paiceHusk,bush,bush,87
paiceHusk,sr,sr,1
paiceHusk,bio,bio,1
paiceHusk,frank,frank,134
paiceHusk,lloyd,lloyd,33
paiceHusk,wright,wright,43
paiceHusk,biography,biograph,45
paiceHusk,presidential,presid,139
paiceHusk,middle,middl,63
paiceHusk,a,a,1
paiceHusk,wiki,wiki,4
paiceHusk,cannellini,cannellin,3
paiceHusk,beans,bean,89
paiceHusk,afghanistan,afgh,64
paiceHusk,flag,flag,113
paiceHusk,old,old,186
paiceHusk,town,town,70
paiceHusk,scottsdale,scottsd,26
paiceHusk,roosevelt,roosevelt,13
paiceHusk,island,island,87
paiceHusk,civil,civil,170
paiceHusk,war,war,1
paiceHusk,battles,battl,94
paiceHusk,south,south,85
paiceHusk,carolina,carolin,101
paiceHusk,rain,rain,115
paiceHusk,man,man,1
paiceHusk,eggs,eg,454
paiceHusk,shelf,shelf,30
paiceHusk,life,life,158
paiceHusk,occupational,occup,105
paiceHusk,therapist,therap,58
paiceHusk,ford,ford,127
paiceHusk,edge,edg,141
paiceHusk,problems,problem,129
paiceHusk,identifying,ident,81
paiceHusk,spider,spid,121
paiceHusk,bites,bite,35
paiceHusk,history,hist,299
paiceHusk,orcas,orca,16
paiceHusk,tooth,tooth,23
paiceHusk,abscess,abscess,18
paiceHusk,barrett,barret,25
paiceHusk,esophagus,esophag,2
paiceHusk,teddy,teddy,25
paiceHusk,bears,bear,147
paiceHusk,patron,patron,80
paiceHusk,saint,saint,110
paiceHusk,mental,ment,376
paiceHusk,illness,il,667
paiceHusk,holes,hole,53
paiceHusk,by,by,1
paiceHusk,louis,louis,78
paiceHusk,sachar,sach,88
paiceHusk,hip,hip,1
paiceHusk,roof,roof,40
paiceHusk,bee,bee,1
paiceHusk,american,am,1665
paiceHusk,revolutionary,revolv,137
paiceHusk,folk,folk,82
paiceHusk,remedies,remedy,56
paiceHusk,sore,sore,36
paiceHusk,balding,bald,98
paiceHusk,cure,cure,49
paiceHusk,evidence,evid,122
paiceHusk,evolution,evolv,162
paiceHusk,tribe,trib,218
paiceHusk,formerly,form,506
paiceHusk,living,living,39
paiceHusk,alabama,alabam,40
paiceHusk,tornado,tornado,13
paiceHusk,heart,heart,168
paiceHusk,attack,attack,55
paiceHusk,feliz,feliz,14
paiceHusk,navidad,navidad,11
paiceHusk,running,runn,78
paiceHusk,marshall,marshal,36
paiceHusk,county,county,42
paiceHusk,schools,school,104
paiceHusk,sun,sun,1
paiceHusk,tzu,tzu,1
paiceHusk,halloween,halloween,43
paiceHusk,dreams,dream,221
paiceHusk,interpretation,interpret,163
paiceHusk,wilson,wilson,43
paiceHusk,instruction,instruct,126
paiceHusk,cole,cole,73
paiceHusk,how,how,1
paiceHusk,has,has,1
paiceHusk,african,afr,232
paiceHusk,music,music,230
paiceHusk,influence,influ,136
paiceHusk,bewitched,bewitch,19
paiceHusk,cast,cast,270
paiceHusk,mister,mist,260
paiceHusk,rogers,roger,56
paiceHusk,game,game,134
paiceHusk,theory,theory,32
paiceHusk,view,view,107
paiceHusk,my,my,1
paiceHusk,internet,internet,171
paiceHusk,ketogenic,ketog,8
paiceHusk,diet,diet,132
paiceHusk,nasa,nasa,26
paiceHusk,interplanetary,interplanet,11
paiceHusk,missions,misj,80
paiceHusk,hayrides,hayrid,6
paiceHusk,pa,pa,1
paiceHusk,where,wher,86
paiceHusk,to,to,1
paiceHusk,find,find,187
paiceHusk,morel,morel,47
paiceHusk,mushrooms,mushroom,40
paiceHusk,magnesium,magnes,12
paiceHusk,rich,rich,131
paiceHusk,common,common,92
paiceHusk,schizophrenia,schizophren,6
paiceHusk,drugs,drug,96
paiceHusk,carotid,carotid,8
paiceHusk,cavernous,cavern,22
paiceHusk,fistula,fistul,3
paiceHusk,fidel,fidel,67
paiceHusk,castro,castro,17
paiceHusk,yoga,yoga,35
paiceHusk,norway,norway,15
paiceHusk,spruce,spruc,22
paiceHusk,sangre,sangr,42
paiceHusk,de,de,1
paiceHusk,cristo,cristo,7
paiceHusk,mountains,mountain,78
paiceHusk,electronic,electron,107
paiceHusk,medical,medic,212
paiceHusk,educational,educ,240
paiceHusk,advantages,adv,806
paiceHusk,social,social,192
paiceHusk,networking,network,69
paiceHusk,sites,site,80
paiceHusk,flowering,flow,153
paiceHusk,plants,plant,230
paiceHusk,tie,tie,1
paiceHusk,knot,knot,68
paiceHusk,recycling,recyc,89
paiceHusk,lead,lead,147
paiceHusk,acid,acid,148
paiceHusk,batteries,battery,32
paiceHusk,altitude,altitud,14
paiceHusk,sickness,sick,96
paiceHusk,care,care,190
paiceHusk,jehovah,jehovah,7
paiceHusk,witnesses,witness,29
paiceHusk,pink,pink,134
paiceHusk,slime,slim,106
paiceHusk,ground,ground,69
paiceHusk,mean,mean,124
krovetz,raspberry,raspberry,6
krovetz,pi,pi,17
krovetz,uss,uss,2
krovetz,carl,carl,10
krovetz,vinson,vinson,2
krovetz,reviews,review,26
krovetz,of,of,33
krovetz,les,le,9
krovetz,miserables,miserable,12
krovetz,rules,rule,26
krovetz,golf,golf,17
krovetz,average,average,17
krovetz,charitable,charitable,6
krovetz,donation,donate,25
krovetz,wind,wind,27
krovetz,power,power,32
krovetz,bph,bph,3
krovetz,treatment,treat,26
krovetz,doctor,doctor,22
krovetz,zhivago,zhivago,2
krovetz,land,land,26
krovetz,surveyor,surveyor,4
krovetz,gps,gps,4
krovetz,what,what,25
krovetz,is,is,54
krovetz,madagascar,madagascar,4
krovetz,known,known,11
krovetz,for,for,29
krovetz,home,home,32
krovetz,theater,theater,2
krovetz,systems,system,23
krovetz,carpal,carpal,3
krovetz,tunnel,tunnel,17
krovetz,syndrome,syndrome,10
krovetz,capital,capital,28
krovetz,gains,gain,22
krovetz,tax,tax,33
krovetz,rate,rate,24
krovetz,maryland,maryland,2
krovetz,department,department,12
krovetz,natural,natural,28
krovetz,resources,resource,5
krovetz,nicolas,nicola,4
krovetz,cage,cage,27
krovetz,movies,movie,23
krovetz,kids,kid,30
krovetz,earth,earth,24
krovetz,day,day,33
krovetz,activities,activity,15
krovetz,solar,solar,25
krovetz,water,water,30
krovetz,fountains,fountain,11
krovetz,was,was,27
krovetz,the,the,68
krovetz,names,name,30
krovetz,elvis,elvi,2
krovetz,presley,presley,3
krovetz,s,s,1
krovetz,nba,nba,2
krovetz,records,record,30
krovetz,electoral,electoral,6
krovetz,college,college,20
krovetz,results,result,29
krovetz,male,male,55
krovetz,menopause,menopause,14
krovetz,usda,usda,2
krovetz,foods,food,28
krovetz,pyramid,pyramid,20
krovetz,making,make,38
krovetz,chicken,chicken,19
krovetz,soup,soup,16
krovetz,from,from,29
krovetz,scratch,scratch,15
krovetz,black,black,25
krovetz,and,and,47
krovetz,gold,gold,26
krovetz,traverse,traverse,18
krovetz,city,city,25
krovetz,i,i,1
krovetz,will,will,34
krovetz,survive,survive,25
krovetz,lyrics,lyric,25
krovetz,hawaiian,hawaii,13
krovetz,volcano,volcano,7
krovetz,observatories,observatory,3
krovetz,beef,beef,19
krovetz,stroganoff,stroganoff,3
krovetz,recipe,recipe,15
krovetz,world,world,26
krovetz,biggest,biggest,5
krovetz,dog,dog,27
krovetz,are,are,75
krovetz,seven,seven,23
krovetz,deadly,dead,25
krovetz,sins,sin,34
krovetz,hurricane,hurricane,10
krovetz,irene,irene,5
krovetz,flooding,flood,15
krovetz,in,in,61
krovetz,manville,manville,2
krovetz,nj,nj,2
krovetz,hair,hair,18
krovetz,dye,dye,22
krovetz,dark,dark,26
krovetz,chocolate,chocolate,19
krovetz,health,health,19
krovetz,benefits,benefit,23
krovetz,ham,ham,28
krovetz,radio,radio,17
krovetz,symptoms,symptom,13
krovetz,mad,mad,28
krovetz,cow,cow,24
krovetz,disease,disease,4
krovetz,humans,human,29
krovetz,lump,lump,14
krovetz,throat,throat,12
krovetz,george,george,7
krovetz,bush,bush,25
krovetz,sr,sr,9
krovetz,bio,bio,6
krovetz,frank,frank,25
krovetz,lloyd,lloyd,3
krovetz,wright,wright,14
krovetz,biography,biography,16
krovetz,presidential,presidential,10
krovetz,middle,middle,14
krovetz,a,a,1
krovetz,wiki,wiki,4
krovetz,cannellini,cannellini,2
krovetz,beans,bean,19
krovetz,afghanistan,afghanistan,13
krovetz,flag,flag,27
krovetz,old,old,26
krovetz,town,town,9
krovetz,scottsdale,scottsdale,4
krovetz,roosevelt,roosevelt,2
krovetz,island,island,19
krovetz,civil,civil,24
krovetz,war,war,30
krovetz,battles,battle,27
krovetz,south,south,15
krovetz,carolina,carolina,2
krovetz,rain,rain,25
krovetz,man,man,44
krovetz,eggs,egg,23
krovetz,shelf,shelf,12
krovetz,life,life,31
krovetz,occupational,occupation,10
krovetz,therapist,therapist,5
krovetz,ford,ford,25
krovetz,edge,edge,25
krovetz,problems,problem,18
krovetz,identifying,identify,20
krovetz,spider,spider,20
krovetz,bites,bite,19
krovetz,history,history,14
krovetz,orcas,orca,2
krovetz,tooth,tooth,11
krovetz,abscess,abscess,9
krovetz,barrett,barrett,2
krovetz,esophagus,esophagus,2
krovetz,teddy,teddy,6
krovetz,bears,bear,32
krovetz,patron,patron,24
krovetz,saint,saint,24
krovetz,mental,mental,26
krovetz,illness,ill,36
krovetz,holes,hole,25
krovetz,by,by,10
krovetz,louis,louis,9
krovetz,sachar,sachar,3
krovetz,hip,hip,27
krovetz,roof,roof,18
krovetz,carpenter,carpenter,8
krovetz,bee,bee,29
krovetz,american,america,34
krovetz,revolutionary,revolutionary,7
krovetz,folk,folk,19
krovetz,remedies,remedy,15
krovetz,sore,sore,33
krovetz,balding,bald,20
krovetz,cure,cure,33
krovetz,evidence,evidence,3
krovetz,evolution,evolution,20
krovetz,tribe,tribe,16
krovetz,formerly,former,12
krovetz,living,live,48
krovetz,alabama,alabama,2
krovetz,tornado,tornado,8
krovetz,heart,heart,25
krovetz,attack,attack,19
krovetz,feliz,feliz,2
krovetz,navidad,navidad,2
krovetz,running,run,26
krovetz,marshall,marshall,3
krovetz,county,county,15
krovetz,schools,school,24
krovetz,sun,sun,30
krovetz,tzu,tzu,4
krovetz,halloween,halloween,5
krovetz,dreams,dream,32
krovetz,interpretation,interpretation,10
krovetz,wilson,wilson,4
krovetz,instruction,instruct,24
krovetz,cole,cole,4
krovetz,how,how,21
krovetz,has,has,5
krovetz,african,africa,23
krovetz,music,music,34
krovetz,influence,influence,24
krovetz,bewitched,bewitch,9
krovetz,cast,cast,27
krovetz,mister,mister,15
krovetz,rogers,rogers,4
krovetz,game,game,26
krovetz,theory,theory,11
krovetz,view,view,24
krovetz,my,my,29
krovetz,internet,internet,6
krovetz,ketogenic,ketogenic,3
krovetz,diet,diet,25
krovetz,nasa,nasa,3
krovetz,interplanetary,interplanetary,2
krovetz,missions,mission,25
krovetz,hayrides,hayride,3
krovetz,pa,pa,33
krovetz,where,where,16
krovetz,to,to,28
krovetz,find,find,30
krovetz,morel,morel,13
krovetz,mushrooms,mushroom,15
krovetz,magnesium,magnesium,4
krovetz,rich,rich,20
krovetz,common,common,24
krovetz,schizophrenia,schizophrenia,2
krovetz,drugs,drug,22
krovetz,carotid,carotid,2
krovetz,cavernous,cavernous,3
krovetz,fistula,fistula,2
krovetz,fidel,fidel,4
krovetz,castro,castro,3
krovetz,yoga,yoga,8
krovetz,norway,norway,13
krovetz,spruce,spruce,11
krovetz,sangre,sangre,3
krovetz,de,de,6
krovetz,cristo,cristo,2
krovetz,mountains,mountain,13
krovetz,electronic,electronic,20
krovetz,medical,medical,22
krovetz,educational,educational,5
krovetz,advantages,advantage,17
krovetz,social,social,44
krovetz,networking,network,20
krovetz,sites,site,24
krovetz,flowering,flower,20
krovetz,plants,plant,32
krovetz,tie,tie,36
krovetz,windsor,windsor,2
krovetz,knot,knot,24
krovetz,recycling,recycle,33
krovetz,lead,lead,19
krovetz,acid,acid,23
krovetz,batteries,battery,12
krovetz,altitude,altitude,6
krovetz,sickness,sick,18
krovetz,care,care,40
krovetz,jehovah,jehovah,3
krovetz,witnesses,witness,15
krovetz,pink,pink,18
krovetz,slime,slime,7
krovetz,ground,ground,19
krovetz,mean,mean,26
sStripping,raspberry,raspberry,3
sStripping,pi,pi,2
sStripping,uss,us,2
sStripping,carl,carl,3
sStripping,vinson,vinson,2
sStripping,reviews,review,3
sStripping,of,of,3
sStripping,les,l,1
sStripping,miserables,miserabl,3
sStripping,rules,rul,3
sStripping,golf,golf,3
sStripping,average,average,2
sStripping,charitable,charitable,1
sStripping,donation,donation,3
sStripping,wind,wind,3
sStripping,power,power,3
sStripping,bph,bph,3
sStripping,treatment,treatment,2
sStripping,doctor,doctor,3
sStripping,zhivago,zhivago,3
sStripping,land,land,3
sStripping,surveyor,surveyor,3
sStripping,gps,gp,3
sStripping,what,what,3
sStripping,is,i,1
sStripping,madagascar,madagascar,2
sStripping,known,known,2
sStripping,for,for,3
sStripping,home,home,2
sStripping,theater,theater,3
sStripping,systems,system,3
sStripping,carpal,carpal,3
sStripping,tunnel,tunnel,3
sStripping,syndrome,syndrome,1
sStripping,capital,capital,3
sStripping,gains,gain,3
sStripping,tax,tax,3
sStripping,rate,rate,2
sStripping,maryland,maryland,2
sStripping,department,department,3
sStripping,natural,natural,3
sStripping,resources,resourc,3
sStripping,nicolas,nicola,3
sStripping,cage,cage,2
sStripping,movies,movy,4
sStripping,kids,kid,3
sStripping,earth,earth,3
sStripping,day,day,4
sStripping,activities,activity,4
sStripping,solar,solar,3
sStripping,water,water,3
sStripping,fountains,fountain,3
sStripping,was,wa,3
sStripping,the,the,2
sStripping,name,name,2
sStripping,elvis,elvi,2
sStripping,presley,presley,2
sStripping,nba,nba,3
sStripping,records,record,3
sStripping,electoral,electoral,3
sStripping,college,college,2
sStripping,results,result,3
sStripping,male,male,2
sStripping,menopause,menopause,2
sStripping,usda,usda,2
sStripping,foods,food,3
sStripping,pyramid,pyramid,3
sStripping,making,making,3
sStripping,chicken,chicken,2
sStripping,soup,soup,3
sStripping,from,from,3
sStripping,scratch,scratch,3
sStripping,black,black,3
sStripping,and,and,3
sStripping,gold,gold,3
sStripping,traverse,traverse,2
sStripping,city,city,4
sStripping,will,will,3
sStripping,survive,survive,1
sStripping,lyrics,lyric,3
sStripping,hawaiian,hawaiian,2
sStripping,volcano,volcano,3
sStripping,observatories,observatory,3
sStripping,beef,beef,2
sStripping,stroganoff,stroganoff,2
sStripping,recipe,recipe,2
sStripping,world,world,3
sStripping,biggest,biggest,2
sStripping,dog,dog,3
sStripping,are,are,2
sStripping,seven,seven,3
sStripping,deadly,deadly,3
sStripping,sins,sin,3
sStripping,hurricane,hurricane,2
sStripping,irene,irene,2
sStripping,flooding,flooding,2
sStripping,in,in,3
sStripping,manville,manville,1
sStripping,nj,nj,3
sStripping,hair,hair,3
sStripping,dye,dye,2
sStripping,dark,dark,3
sStripping,chocolate,chocolate,2
sStripping,health,health,2
sStripping,benefits,benefit,3
sStripping,ham,ham,3
sStripping,radio,radio,3
sStripping,symptoms,symptom,3
sStripping,mad,mad,3
sStripping,cow,cow,3
sStripping,disease,disease,2
sStripping,humans,human,3
sStripping,lump,lump,3
sStripping,throat,throat,3
sStripping,george,george,2
sStripping,bush,bush,3
sStripping,sr,sr,3
sStripping,bio,bio,3
sStripping,frank,frank,3
sStripping,lloyd,lloyd,3
sStripping,wright,wright,2
sStripping,biography,biography,4
sStripping,presidential,presidential,2
sStripping,middle,middle,1
sStripping,names,nam,3
sStripping,a,a,1
sStripping,wiki,wiki,2
sStripping,cannellini,cannellini,2
sStripping,beans,bean,3
sStripping,afghanistan,afghanistan,3
sStripping,flag,flag,3
sStripping,old,old,3
sStripping,town,town,3
sStripping,scottsdale,scottsdale,1
sStripping,roosevelt,roosevelt,2
sStripping,island,island,3
sStripping,civil,civil,3
sStripping,war,war,3
sStripping,battles,battl,3
sStripping,south,south,3
sStripping,carolina,carolina,3
sStripping,rain,rain,3
sStripping,man,man,3
sStripping,eggs,egg,3
sStripping,shelf,shelf,3
sStripping,life,life,2
sStripping,occupational,occupational,2
sStripping,therapist,therapist,3
sStripping,ford,ford,3
sStripping,edge,edge,2
sStripping,problems,problem,3
sStripping,identifying,identifying,1
sStripping,spider,spider,3
sStripping,bites,bit,3
sStripping,history,history,4
sStripping,orcas,orca,2
sStripping,tooth,tooth,3
sStripping,abscess,absces,2
sStripping,barrett,barrett,3
sStripping,esophagus,esophagu,2
sStripping,teddy,teddy,3
sStripping,bears,bear,3
sStripping,patron,patron,3
sStripping,saint,saint,3
sStripping,mental,mental,3
sStripping,illness,illnes,2
sStripping,holes,hol,3
sStripping,by,by,3
sStripping,louis,loui,2
sStripping,sachar,sachar,2
sStripping,hip,hip,3
sStripping,roof,roof,3
sStripping,carpenter,carpenter,3
sStripping,bee,bee,2
sStripping,american,american,3
sStripping,revolutionary,revolutionary,3
sStripping,folk,folk,3
sStripping,remedies,remedy,4
sStripping,sore,sore,1
sStripping,balding,balding,2
sStripping,cure,cure,2
sStripping,evidence,evidence,1
sStripping,evolution,evolution,2
sStripping,tribe,tribe,1
sStripping,formerly,formerly,3
sStripping,living,living,2
sStripping,alabama,alabama,2
sStripping,tornado,tornado,3
sStripping,heart,heart,3
sStripping,attack,attack,3
sStripping,feliz,feliz,3
sStripping,navidad,navidad,3
sStripping,running,running,2
sStripping,marshall,marshall,3
sStripping,county,county,4
sStripping,schools,school,3
sStripping,sun,sun,3
sStripping,tzu,tzu,3
sStripping,halloween,halloween,3
sStripping,dreams,dream,3
sStripping,interpretation,interpretation,3
sStripping,wilson,wilson,2
sStripping,instruction,instruction,3
sStripping,cole,cole,2
sStripping,how,how,3
sStripping,has,ha,3
sStripping,african,african,3
sStripping,music,music,3
sStripping,influence,influence,2
sStripping,bewitched,bewitched,1
sStripping,cast,cast,3
sStripping,mister,mister,3
sStripping,rogers,roger,3
sStripping,game,game,2
sStripping,theory,theory,4
sStripping,view,view,3
sStripping,my,my,3
sStripping,internet,internet,3
sStripping,ketogenic,ketogenic,2
sStripping,diet,diet,3
sStripping,nasa,nasa,2
sStripping,interplanetary,interplanetary,2
sStripping,missions,mission,3
sStripping,hayrides,hayrid,2
sStripping,pa,pa,3
sStripping,where,where,2
sStripping,to,to,3
sStripping,find,find,3
sStripping,morel,morel,3
sStripping,mushrooms,mushroom,3
sStripping,magnesium,magnesium,2
sStripping,rich,rich,3
sStripping,common,common,2
sStripping,schizophrenia,schizophrenia,2
sStripping,drugs,drug,3
sStripping,carotid,carotid,3
sStripping,cavernous,cavernou,1
sStripping,fistula,fistula,3
sStripping,fidel,fidel,3
sStripping,castro,castro,3
sStripping,yoga,yoga,3
sStripping,norway,norway,4
sStripping,spruce,spruce,1
sStripping,sangre,sangre,2
sStripping,de,de,2
sStripping,cristo,cristo,2
sStripping,mountains,mountain,3
sStripping,electronic,electronic,3
sStripping,medical,medical,3
sStripping,educational,educational,2
sStripping,advantages,advantag,3
sStripping,social,social,3
sStripping,networking,networking,2
sStripping,sites,sit,3
sStripping,flowering,flowering,2
sStripping,plants,plant,3
sStripping,tie,tie,2
sStripping,windsor,windsor,2
sStripping,knot,knot,3
sStripping,recycling,recycling,2
sStripping,lead,lead,3
sStripping,acid,acid,3
sStripping,batteries,battery,4
sStripping,altitude,altitude,1
sStripping,sickness,sicknes,2
sStripping,care,care,2
sStripping,jehovah,jehovah,2
sStripping,witnesses,witness,2
sStripping,pink,pink,3
sStripping,slime,slime,2
sStripping,ground,ground,3
sStripping,mean,mean,3
porter2,raspberry,raspberri,9
porter2,pi,pi,3
porter2,uss,uss,9
porter2,carl,carl,10
porter2,vinson,vinson,4
porter2,reviews,review,29
porter2,of,of,11
porter2,les,les,2
porter2,miserables,miser,36
porter2,rules,rule,14
porter2,golf,golf,10
porter2,average,averag,23
porter2,charitable,charit,24
porter2,donation,donat,32
porter2,wind,wind,19
porter2,power,power,49
porter2,bph,bph,1
porter2,treatment,treatment,10
porter2,doctor,doctor,30
porter2,zhivago,zhivago,4
porter2,land,land,19
porter2,surveyor,surveyor,4
porter2,gps,gps,1
porter2,what,what,8
porter2,is,is,4
porter2,madagascar,madagascar,3
porter2,known,known,9
porter2,for,for,12
porter2,home,home,19
porter2,theater,theater,12
porter2,systems,system,39
porter2,carpal,carpal,4
porter2,tunnel,tunnel,22
porter2,syndrome,syndrom,13
porter2,capital,capit,51
porter2,gains,gain,19
porter2,tax,tax,10
porter2,rate,rate,18
porter2,maryland,maryland,7
porter2,department,depart,29
porter2,natural,natur,66
porter2,resources,resourc,25
porter2,nicolas,nicola,6
porter2,cage,cage,11
porter2,movies,movi,14
porter2,kids,kid,10
porter2,earth,earth,16
porter2,day,day,11
porter2,activities,activ,80
porter2,solar,solar,29
porter2,water,water,39
porter2,fountains,fountain,15
porter2,was,was,3
porter2,the,the,3
porter2,names,name,19
porter2,elvis,elvi,6
porter2,presley,presley,3
porter2,s,s,1
porter2,nba,nba,2
porter2,records,record,42
porter2,electoral,elector,17
porter2,college,colleg,29
porter2,results,result,43
porter2,male,male,15
porter2,menopause,menopaus,14
porter2,usda,usda,3
porter2,foods,food,11
porter2,pyramid,pyramid,27
porter2,making,make,19
porter2,chicken,chicken,24
porter2,soup,soup,10
porter2,from,from,5
porter2,scratch,scratch,12
porter2,black,black,21
porter2,and,and,19
porter2,gold,gold,18
porter2,traverse,travers,25
porter2,city,citi,13
porter2,i,i,1
porter2,will,will,15
porter2,survive,surviv,33
porter2,lyrics,lyric,30
porter2,hawaiian,hawaiian,11
porter2,volcano,volcano,7
porter2,observatories,observatori,7
porter2,beef,beef,7
porter2,stroganoff,stroganoff,2
porter2,recipe,recip,26
porter2,world,world,15
porter2,biggest,biggest,7
porter2,dog,dog,11
porter2,are,are,22
porter2,seven,seven,27
porter2,deadly,dead,21
porter2,sins,sin,15
porter2,hurricane,hurrican,12
porter2,irene,iren,19
porter2,flooding,flood,11
porter2,in,in,15
porter2,manville,manvill,2
porter2,nj,nj,1
porter2,hair,hair,14
porter2,dye,dye,4
porter2,dark,dark,20
porter2,chocolate,chocol,23
porter2,health,health,12
porter2,benefits,benefit,22
porter2,ham,ham,12
porter2,radio,radio,7
porter2,symptoms,symptom,17
porter2,mad,mad,15
porter2,cow,cow,11
porter2,disease,diseas,14
porter2,humans,human,53
porter2,lump,lump,11
porter2,throat,throat,11
porter2,george,georg,14
porter2,bush,bush,17
porter2,sr,sr,1
porter2,bio,bio,4
porter2,frank,frank,17
porter2,lloyd,lloyd,6
porter2,wright,wright,10
porter2,biography,biographi,9
porter2,presidential,presidenti,21
porter2,middle,middl,9
porter2,a,a,1
porter2,wiki,wiki,10
porter2,cannellini,cannellini,2
porter2,beans,bean,11
porter2,afghanistan,afghanistan,5
porter2,flag,flag,9
porter2,old,old,12
porter2,town,town,11
porter2,scottsdale,scottsdal,7
porter2,roosevelt,roosevelt,3
porter2,island,island,21
porter2,civil,civil,34
porter2,war,war,16
porter2,battles,battl,10
porter2,south,south,10
porter2,carolina,carolina,8
porter2,rain,rain,15
porter2,man,man,15
porter2,eggs,egg,8
porter2,shelf,shelf,8
porter2,life,life,15
porter2,occupational,occup,37
porter2,therapist,therapist,5
porter2,ford,ford,9
porter2,edge,edg,21
porter2,problems,problem,24
porter2,identifying,identifi,27
porter2,spider,spider,30
porter2,bites,bite,15
porter2,history,histori,25
porter2,orcas,orca,3
porter2,tooth,tooth,11
porter2,abscess,abscess,10
porter2,barrett,barrett,7
porter2,esophagus,esophagus,2
porter2,teddy,teddi,8
porter2,bears,bear,18
porter2,patron,patron,31
porter2,saint,saint,13
porter2,mental,mental,37
porter2,illness,ill,19
porter2,holes,hole,13
porter2,by,by,3
porter2,louis,loui,4
porter2,sachar,sachar,4
porter2,hip,hip,7
porter2,roof,roof,9
porter2,carpenter,carpent,13
porter2,bee,bee,4
porter2,american,american,32
porter2,revolutionary,revolutionari,8
porter2,folk,folk,8
porter2,remedies,remedi,39
porter2,sore,sore,16
porter2,balding,bald,13
porter2,cure,cure,12
porter2,evidence,evid,30
porter2,evolution,evolut,21
porter2,tribe,tribe,9
porter2,formerly,former,14
porter2,living,live,22
porter2,alabama,alabama,7
porter2,tornado,tornado,7
porter2,heart,heart,23
porter2,attack,attack,22
porter2,feliz,feliz,5
porter2,navidad,navidad,4
porter2,running,run,8
porter2,marshall,marshal,27
porter2,county,counti,10
porter2,schools,school,9
porter2,sun,sun,15
porter2,tzu,tzu,2
porter2,halloween,halloween,13
porter2,dreams,dream,19
porter2,interpretation,interpret,53
porter2,wilson,wilson,14
porter2,instruction,instruct,29
porter2,cole,cole,11
porter2,how,how,12
porter2,has,has,3
porter2,african,african,22
porter2,music,music,45
porter2,influence,influenc,31
porter2,bewitched,bewitch,13
porter2,cast,cast,19
porter2,mister,mister,22
porter2,rogers,roger,16
porter2,game,game,21
porter2,theory,theori,7
porter2,view,view,12
porter2,my,my,4
porter2,internet,internet,45
porter2,ketogenic,ketogen,4
porter2,diet,diet,11
porter2,nasa,nasa,3
porter2,interplanetary,interplanetari,5
porter2,missions,mission,34
porter2,hayrides,hayrid,6
porter2,pa,pa,6
porter2,where,where,10
porter2,to,to,5
porter2,find,find,17
porter2,morel,morel,15
porter2,mushrooms,mushroom,16
porter2,magnesium,magnesium,3
porter2,rich,rich,17
porter2,common,common,36
porter2,schizophrenia,schizophrenia,2
porter2,drugs,drug,8
porter2,carotid,carotid,5
porter2,cavernous,cavern,15
porter2,fistula,fistula,4
porter2,fidel,fidel,23
porter2,castro,castro,4
porter2,yoga,yoga,7
porter2,norway,norway,6
porter2,spruce,spruce,8
porter2,sangre,sangr,4
porter2,de,de,3
porter2,cristo,cristo,3
porter2,mountains,mountain,27
porter2,electronic,electron,30
porter2,medical,medic,57
porter2,educational,educ,45
porter2,advantages,advantag,24
porter2,social,social,59
porter2,networking,network,24
porter2,sites,site,16
porter2,flowering,flower,28
porter2,plants,plant,12
porter2,tie,tie,5
porter2,windsor,windsor,6
porter2,knot,knot,8
porter2,recycling,recycl,41
porter2,lead,lead,13
porter2,acid,acid,39
porter2,batteries,batteri,12
porter2,altitude,altitud,7
porter2,sickness,sick,19
porter2,care,care,30
porter2,jehovah,jehovah,3
porter2,witnesses,wit,18
porter2,pink,pink,14
porter2,slime,slime,9
porter2,ground,ground,12
porter2,mean,mean,18
lovins,raspberry,raspber,18
lovins,pi,pi,62
lovins,uss,us,124
lovins,carl,carl,89
lovins,vinson,vinson,8
lovins,reviews,review,40
lovins,of,of,48
lovins,les,le,60
lovins,miserables,miserabl,19
lovins,rules,rl,73
lovins,golf,golf,37
lovins,average,aver,63
lovins,charitable,charit,39
lovins,donation,don,138
lovins,wind,wind,73
lovins,power,power,80
lovins,bph,bph,16
lovins,treatment,treatm,16
lovins,doctor,doct,33
lovins,zhivago,zhivag,3
lovins,land,land,68
lovins,surveyor,surveyor,5
lovins,gps,gp,47
lovins,what,what,44
lovins,is,is,119
lovins,madagascar,madagascar,9
lovins,known,known,19
lovins,for,for,117
lovins,home,hom,89
lovins,theater,theater,22
lovins,systems,system,75
lovins,carpal,carp,64
lovins,tunnel,tunnel,37
lovins,syndrome,syndrom,22
lovins,capital,capit,62
lovins,gains,gain,53
lovins,tax,tac,105
lovins,rate,rat,141
lovins,maryland,maryland,17
lovins,department,departm,16
lovins,natural,natur,85
lovins,resources,resourc,26
lovins,nicolas,nicol,58
lovins,cage,cag,62
lovins,movies,mov,69
lovins,kids,kid,88
lovins,earth,earth,55
lovins,day,day,41
lovins,activities,act,108
lovins,solar,sol,156
lovins,water,water,78
lovins,fountains,fountain,21
lovins,was,wa,48
lovins,the,th,95
lovins,names,nam,86
lovins,elvis,elv,49
lovins,presley,presle,4
lovins,s,s,1
lovins,nba,nb,50
lovins,records,record,58
lovins,electoral,elector,30
lovins,college,colleg,42
lovins,results,result,61
lovins,male,mal,161
lovins,menopause,menopaus,17
lovins,usda,usd,36
lovins,foods,food,68
lovins,pyramid,pyramid,45
lovins,making,mak,68
lovins,chicken,chick,38
lovins,soup,soup,52
lovins,from,from,70
lovins,scratch,scratch,33
lovins,black,black,66
lovins,and,and,121
lovins,gold,gold,69
lovins,traverse,travers,47
lovins,city,cit,110
lovins,i,i,1
lovins,will,wil,131
lovins,survive,surv,43
lovins,lyrics,lyr,58
lovins,hawaiian,hawai,15
lovins,volcano,volcan,38
lovins,observatories,observator,12
lovins,beef,beef,32
lovins,stroganoff,stroganoff,5
lovins,recipe,recip,32
lovins,world,world,68
lovins,biggest,biggest,13
lovins,dog,dog,92
lovins,are,ar,187
lovins,seven,sev,54
lovins,deadly,dead,64
lovins,sins,sin,138
lovins,hurricane,hurrican,20
lovins,irene,ir,125
lovins,flooding,flood,38
lovins,in,in,156
lovins,manville,manvil,8
lovins,nj,nj,24
lovins,hair,hair,51
lovins,dye,dy,38
lovins,dark,dark,60
lovins,chocolate,chocol,43
lovins,health,health,52
lovins,benefits,benefit,42
lovins,ham,ham,107
lovins,radio,radi,56
lovins,symptoms,symptom,28
lovins,mad,mad,129
lovins,cow,cow,47
lovins,disease,diseas,26
lovins,humans,human,98
lovins,lump,lump,42
lovins,throat,throat,22
lovins,george,georg,65
lovins,bush,bush,47
lovins,sr,sr,78
lovins,bio,bi,54
lovins,frank,frank,59
lovins,lloyd,lloyd,24
lovins,wright,wright,36
lovins,biography,biograph,27
lovins,presidential,presid,46
lovins,middle,middl,34
lovins,a,a,1
lovins,wiki,wik,54
lovins,cannellini,cannellin,4
lovins,beans,bean,51
lovins,afghanistan,afghanistan,16
lovins,flag,flag,59
lovins,old,old,70
lovins,town,town,34
lovins,scottsdale,scottsdal,8
lovins,roosevelt,roosevelt,10
lovins,island,island,44
lovins,civil,civil,72
lovins,war,war,127
lovins,battles,battl,40
lovins,south,south,40
lovins,carolina,carolin,31
lovins,rain,rain,68
lovins,man,man,175
lovins,eggs,eg,108
lovins,shelf,shelf,27
lovins,life,lif,54
lovins,occupational,occup,66
lovins,therapist,therap,39
lovins,ford,ford,56
lovins,edge,edg,57
lovins,problems,problem,57
lovins,identifying,identif,35
lovins,spider,spider,45
lovins,bites,bit,100
lovins,history,histor,66
lovins,orcas,orc,40
lovins,tooth,tooth,24
lovins,abscess,absces,18
lovins,barrett,barres,35
lovins,esophagus,esophagus,3
lovins,teddy,ted,78
lovins,bears,bear,78
lovins,patron,patron,52
lovins,saint,saint,45
lovins,mental,ment,102
lovins,illness,il,156
lovins,holes,hol,128
lovins,by,by,44
lovins,louis,lou,52
lovins,sachar,sachar,16
lovins,hip,hip,78
lovins,roof,roof,32
lovins,carpenter,carpenter,21
lovins,bee,be,60
lovins,american,american,63
lovins,revolutionary,revolution,54
lovins,folk,folk,40
lovins,remedies,remed,40
lovins,sore,sor,109
lovins,balding,bald,46
lovins,cure,cur,234
lovins,evidence,evid,45
lovins,evolution,evolut,65
lovins,tribe,trib,62
lovins,formerly,former,25
lovins,living,liv,79
lovins,alabama,alabam,19
lovins,tornado,tornad,15
lovins,heart,heart,77
lovins,attack,attack,30
lovins,feliz,feliz,13
lovins,navidad,navidad,9
lovins,running,run,98
lovins,marshall,marshal,45
lovins,county,count,73
lovins,schools,school,54
lovins,sun,sun,110
lovins,tzu,tzu,14
lovins,halloween,halloween,33
lovins,dreams,dream,84
lovins,interpretation,interpres,73
lovins,wilson,wilson,32
lovins,instruction,instruc,55
lovins,cole,col,172
lovins,how,how,42
lovins,has,ha,59
lovins,african,african,47
lovins,music,mus,116
lovins,influence,influ,40
lovins,bewitched,bewitch,11
lovins,cast,cast,73
lovins,mister,mister,76
lovins,rogers,roger,33
lovins,game,gam,97
lovins,theory,theor,59
lovins,view,view,45
lovins,my,my,43
lovins,internet,internet,90
lovins,ketogenic,ketogen,5
lovins,diet,dies,97
lovins,nasa,nas,89
lovins,interplanetary,interplanet,7
lovins,missions,mis,252
lovins,hayrides,hayr,23
lovins,pa,pa,55
lovins,where,whes,65
lovins,to,to,57
lovins,find,find,65
lovins,morel,morel,47
lovins,mushrooms,mushroom,34
lovins,magnesium,magnes,18
lovins,rich,rich,61
lovins,common,common,50
lovins,schizophrenia,schizophren,22
lovins,drugs,drug,62
lovins,carotid,carotid,6
lovins,cavernous,cavern,21
lovins,fistula,fistl,29
lovins,fidel,fidel,46
lovins,castro,castr,48
lovins,yoga,yog,44
lovins,norway,norwa,4
lovins,spruce,spruc,15
lovins,sangre,sangr,19
lovins,de,de,70
lovins,cristo,crist,54
lovins,mountains,mountain,43
lovins,electronic,electron,47
lovins,medical,med,140
lovins,educational,educ,76
lovins,advantages,advant,34
lovins,social,soc,61
lovins,networking,network,37
lovins,sites,sit,98
lovins,flowering,flower,51
lovins,plants,plant,79
lovins,tie,ti,70
lovins,windsor,winds,15
lovins,knot,knot,59
lovins,recycling,recycl,53
lovins,lead,lead,42
lovins,acid,acis,73
lovins,batteries,batter,41
lovins,altitude,altitud,13
lovins,sickness,sick,44
lovins,care,car,190
lovins,jehovah,jehovah,7
lovins,witnesses,wit,96
lovins,pink,pink,49
lovins,slime,slim,66
lovins,ground,ground,44
lovins,mean,mean,67
wikt,raspberry,raspberry,7
wikt,pi,pi,15
wikt,uss,us,11
wikt,carl,carl,3
wikt,vinson,vinson,1
wikt,reviews,review,19
wikt,of,of,4
wikt,les,les,17
wikt,miserables,miserable,11
wikt,rules,rule,15
wikt,golf,golf,15
wikt,average,average,10
wikt,charitable,charitable,3
wikt,donation,donation,5
wikt,wind,wind,40
wikt,power,power,12
wikt,bph,bph,2
wikt,treatment,treat,17
wikt,doctor,doctor,25
wikt,zhivago,zhivago,1
wikt,land,land,33
wikt,surveyor,survey,17
wikt,gps,gp,5
wikt,what,what,7
wikt,is,is,3
wikt,madagascar,madagascar,6
wikt,known,know,24
wikt,for,for,1
wikt,home,home,42
wikt,theater,theater,5
wikt,systems,system,39
wikt,carpal,carpal,2
wikt,tunnel,tunnel,15
wikt,syndrome,syndrome,6
wikt,capital,capital,20
wikt,gains,gain,17
wikt,tax,tax,27
wikt,rate,rate,15
wikt,maryland,maryland,5
wikt,department,department,5
wikt,natural,natural,20
wikt,resources,resource,10
wikt,nicolas,nicolas,1
wikt,cage,cage,13
wikt,movies,movie,13
wikt,kids,kid,34
wikt,earth,earth,45
wikt,day,day,18
wikt,activities,act,83
wikt,solar,solar,17
wikt,water,water,49
wikt,fountains,fountain,8
wikt,was,wa,4
wikt,the,the,1
wikt,names,name,21
wikt,elvis,elvis,4
wikt,presley,presley,1
wikt,s,s,1
wikt,nba,nba,3
wikt,records,record,16
wikt,electoral,elector,13
wikt,college,college,9
wikt,results,result,10
wikt,male,male,7
wikt,menopause,menopause,6
wikt,usda,usda,1
wikt,foods,food,31
wikt,pyramid,pyramid,17
wikt,making,make,15
wikt,chicken,cock,32
wikt,soup,soup,13
wikt,from,from,3
wikt,scratch,scratch,19
wikt,black,black,43
wikt,and,and,4
wikt,gold,gold,23
wikt,traverse,traverse,11
wikt,city,city,25
wikt,i,i,1
wikt,will,will,18
wikt,survive,survive,18
wikt,lyrics,lyre,20
wikt,hawaiian,hawaii,8
wikt,volcano,volcano,20
wikt,observatories,observatory,2
wikt,beef,beef,13
wikt,stroganoff,stroganoff,2
wikt,recipe,recipe,2
wikt,world,world,31
wikt,biggest,biggest,1
wikt,dog,dog,62
wikt,are,are,3
wikt,seven,seven,25
wikt,deadly,dead,27
wikt,sins,sin,19
wikt,hurricane,hurricane,5
wikt,irene,irene,2
wikt,flooding,flood,17
wikt,in,in,16
wikt,manville,manville,1
wikt,nj,nj,1
wikt,hair,hair,21
wikt,dye,dye,14
wikt,dark,dark,36
wikt,chocolate,chocolate,16
wikt,health,whole,13
wikt,benefits,benefit,10
wikt,ham,ham,15
wikt,radio,radio,11
wikt,symptoms,symptom,12
wikt,mad,mad,17
wikt,cow,cow,17
wikt,disease,disease,11
wikt,humans,human,49
wikt,lump,lump,25
wikt,throat,throat,21
wikt,george,george,5
wikt,bush,bush,31
wikt,sr,sr,1
wikt,bio,bio,3
wikt,frank,frank,43
wikt,lloyd,lloyd,1
wikt,wright,wright,3
wikt,biography,biography,11
wikt,presidential,president,18
wikt,middle,middle,19
wikt,a,a,1
wikt,wiki,wiki,17
wikt,cannellini,cannellini,2
wikt,beans,bean,15
wikt,afghanistan,afghanistan,4
wikt,flag,flag,16
wikt,old,old,28
wikt,town,town,37
wikt,scottsdale,scottsdale,1
wikt,roosevelt,roosevelt,2
wikt,island,island,14
wikt,civil,civil,28
wikt,war,war,32
wikt,battles,battle,12
wikt,south,south,37
wikt,carolina,carolina,1
wikt,rain,rain,21
wikt,man,man,59
wikt,eggs,egg,22
wikt,shelf,shelf,11
wikt,life,life,36
wikt,occupational,occupation,5
wikt,therapist,therapy,12
wikt,ford,ford,18
wikt,edge,edge,20
wikt,problems,problem,16
wikt,identifying,identify,11
wikt,spider,spider,21
wikt,bites,bite,30
wikt,history,history,15
wikt,orcas,orca,2
wikt,tooth,tooth,19
wikt,abscess,abscess,6
wikt,barrett,barrett,1
wikt,esophagus,esophagus,4
wikt,teddy,teddy,3
wikt,bears,bear,39
wikt,patron,patron,28
wikt,saint,saint,22
wikt,mental,mental,18
wikt,illness,ill,10
wikt,holes,hole,19
wikt,by,by,2
wikt,louis,louis,2
wikt,sachar,sachar,1
wikt,hip,hip,28
wikt,roof,roof,14
wikt,carpenter,carpenter,7
wikt,bee,bee,20
wikt,american,america,33
wikt,revolutionary,revolution,29
wikt,folk,folk,20
wikt,remedies,remedy,4
wikt,sore,sore,7
wikt,balding,bald,13
wikt,cure,cure,14
wikt,evidence,evidence,6
wikt,evolution,evolution,15
wikt,tribe,tribe,29
wikt,formerly,form,21
wikt,living,live,40
wikt,alabama,alabama,7
wikt,tornado,tornado,6
wikt,heart,heart,43
wikt,attack,attack,14
wikt,feliz,feliz,1
wikt,navidad,navidad,1
wikt,running,run,28
wikt,marshall,marshall,5
wikt,county,county,7
wikt,schools,school,43
wikt,sun,sun,21
wikt,tzu,tzu,1
wikt,halloween,halloween,4
wikt,dreams,dreams,1
wikt,interpretation,interpret,19
wikt,wilson,wilson,3
wikt,instruction,instruct,22
wikt,cole,cole,2
wikt,how,how,3
wikt,has,have,17
wikt,african,african,19
wikt,music,muse,62
wikt,influence,influence,18
wikt,bewitched,bewitch,15
wikt,cast,cast,26
wikt,mister,mist,28
wikt,rogers,rogers,1
wikt,game,game,47
wikt,theory,theory,11
wikt,view,view,24
wikt,my,my,2
wikt,internet,internet,10
wikt,ketogenic,ketogenic,1
wikt,diet,diet,17
wikt,nasa,nasa,1
wikt,interplanetary,interplanetary,1
wikt,missions,mission,23
wikt,hayrides,hayride,2
wikt,pa,pa,2
wikt,where,where,4
wikt,to,to,23
wikt,find,find,12
wikt,morel,morel,2
wikt,mushrooms,mushroom,14
wikt,magnesium,magnesium,6
wikt,rich,rich,13
wikt,common,common,17
wikt,schizophrenia,schizophrenia,9
wikt,drugs,drug,27
wikt,carotid,carotid,4
wikt,cavernous,cavern,10
wikt,fistula,fistula,14
wikt,fidel,fidel,2
wikt,castro,castro,9
wikt,yoga,yoga,11
wikt,norway,norway,4
wikt,spruce,spruce,10
wikt,sangre,sangre,1
wikt,de,de,5
wikt,cristo,cristo,1
wikt,mountains,mountain,20
wikt,electronic,electron,18
wikt,medical,medical,13
wikt,educational,educate,35
wikt,advantages,advantage,8
wikt,social,social,33
wikt,networking,network,10
wikt,sites,site,10
wikt,flowering,flow,43
wikt,plants,plant,32
wikt,tie,tie,9
wikt,windsor,windsor,1
wikt,knot,knot,16
wikt,recycling,recycle,16
wikt,lead,lead,36
wikt,acid,acid,57
wikt,batteries,battery,4
wikt,altitude,altitude,5
wikt,sickness,sick,35
wikt,care,care,23
wikt,jehovah,jehovah,11
wikt,witnesses,wit,31
wikt,pink,pink,24
wikt,slime,slime,14
wikt,ground,ground,22
wikt,mean,mean,22
